label_name,label,image_path,class,class_name
reals,0,templates/Images/reals/alb_id_00.jpg,0,alb
reals,0,templates/Images/reals/alb_id_27.jpg,0,alb
reals,0,templates/Images/reals/alb_id_36.jpg,0,alb
reals,0,templates/Images/reals/alb_id_07.jpg,0,alb
reals,0,templates/Images/reals/alb_id_90.jpg,0,alb
reals,0,templates/Images/reals/alb_id_39.jpg,0,alb
reals,0,templates/Images/reals/alb_id_31.jpg,0,alb
reals,0,templates/Images/reals/alb_id_48.jpg,0,alb
reals,0,templates/Images/reals/alb_id_46.jpg,0,alb
reals,0,templates/Images/reals/alb_id_85.jpg,0,alb
reals,0,templates/Images/reals/alb_id_73.jpg,0,alb
reals,0,templates/Images/reals/alb_id_50.jpg,0,alb
reals,0,templates/Images/reals/alb_id_98.jpg,0,alb
reals,0,templates/Images/reals/alb_id_45.jpg,0,alb
reals,0,templates/Images/reals/alb_id_15.jpg,0,alb
reals,0,templates/Images/reals/alb_id_89.jpg,0,alb
reals,0,templates/Images/reals/alb_id_51.jpg,0,alb
reals,0,templates/Images/reals/alb_id_49.jpg,0,alb
reals,0,templates/Images/reals/alb_id_33.jpg,0,alb
reals,0,templates/Images/reals/alb_id_84.jpg,0,alb
reals,0,templates/Images/reals/alb_id_80.jpg,0,alb
reals,0,templates/Images/reals/alb_id_17.jpg,0,alb
reals,0,templates/Images/reals/alb_id_54.jpg,0,alb
reals,0,templates/Images/reals/alb_id_64.jpg,0,alb
reals,0,templates/Images/reals/alb_id_94.jpg,0,alb
reals,0,templates/Images/reals/alb_id_06.jpg,0,alb
reals,0,templates/Images/reals/alb_id_19.jpg,0,alb
reals,0,templates/Images/reals/alb_id_02.jpg,0,alb
reals,0,templates/Images/reals/alb_id_20.jpg,0,alb
reals,0,templates/Images/reals/alb_id_10.jpg,0,alb
reals,0,templates/Images/reals/alb_id_70.jpg,0,alb
reals,0,templates/Images/reals/alb_id_71.jpg,0,alb
reals,0,templates/Images/reals/alb_id_58.jpg,0,alb
reals,0,templates/Images/reals/alb_id_44.jpg,0,alb
reals,0,templates/Images/reals/alb_id_03.jpg,0,alb
reals,0,templates/Images/reals/alb_id_09.jpg,0,alb
reals,0,templates/Images/reals/alb_id_29.jpg,0,alb
reals,0,templates/Images/reals/alb_id_75.jpg,0,alb
reals,0,templates/Images/reals/alb_id_47.jpg,0,alb
reals,0,templates/Images/reals/alb_id_23.jpg,0,alb
reals,0,templates/Images/reals/alb_id_55.jpg,0,alb
reals,0,templates/Images/reals/alb_id_18.jpg,0,alb
reals,0,templates/Images/reals/alb_id_68.jpg,0,alb
reals,0,templates/Images/reals/alb_id_65.jpg,0,alb
reals,0,templates/Images/reals/alb_id_53.jpg,0,alb
reals,0,templates/Images/reals/alb_id_69.jpg,0,alb
reals,0,templates/Images/reals/alb_id_34.jpg,0,alb
reals,0,templates/Images/reals/alb_id_42.jpg,0,alb
reals,0,templates/Images/reals/alb_id_82.jpg,0,alb
reals,0,templates/Images/reals/alb_id_30.jpg,0,alb
reals,0,templates/Images/reals/alb_id_97.jpg,0,alb
reals,0,templates/Images/reals/alb_id_93.jpg,0,alb
reals,0,templates/Images/reals/alb_id_77.jpg,0,alb
reals,0,templates/Images/reals/alb_id_78.jpg,0,alb
reals,0,templates/Images/reals/alb_id_52.jpg,0,alb
reals,0,templates/Images/reals/alb_id_91.jpg,0,alb
reals,0,templates/Images/reals/alb_id_43.jpg,0,alb
reals,0,templates/Images/reals/alb_id_95.jpg,0,alb
reals,0,templates/Images/reals/alb_id_63.jpg,0,alb
reals,0,templates/Images/reals/alb_id_24.jpg,0,alb
reals,0,templates/Images/reals/alb_id_16.jpg,0,alb
reals,0,templates/Images/reals/alb_id_38.jpg,0,alb
reals,0,templates/Images/reals/alb_id_25.jpg,0,alb
reals,0,templates/Images/reals/alb_id_81.jpg,0,alb
reals,0,templates/Images/reals/alb_id_57.jpg,0,alb
reals,0,templates/Images/reals/alb_id_01.jpg,0,alb
reals,0,templates/Images/reals/alb_id_21.jpg,0,alb
reals,0,templates/Images/reals/alb_id_62.jpg,0,alb
reals,0,templates/Images/reals/alb_id_87.jpg,0,alb
reals,0,templates/Images/reals/alb_id_41.jpg,0,alb
reals,0,templates/Images/reals/alb_id_08.jpg,0,alb
reals,0,templates/Images/reals/alb_id_37.jpg,0,alb
reals,0,templates/Images/reals/alb_id_59.jpg,0,alb
reals,0,templates/Images/reals/alb_id_99.jpg,0,alb
reals,0,templates/Images/reals/alb_id_96.jpg,0,alb
reals,0,templates/Images/reals/alb_id_76.jpg,0,alb
reals,0,templates/Images/reals/alb_id_11.jpg,0,alb
reals,0,templates/Images/reals/alb_id_04.jpg,0,alb
reals,0,templates/Images/reals/alb_id_12.jpg,0,alb
reals,0,templates/Images/reals/alb_id_66.jpg,0,alb
reals,0,templates/Images/reals/alb_id_40.jpg,0,alb
reals,0,templates/Images/reals/alb_id_35.jpg,0,alb
reals,0,templates/Images/reals/alb_id_26.jpg,0,alb
reals,0,templates/Images/reals/alb_id_61.jpg,0,alb
reals,0,templates/Images/reals/alb_id_60.jpg,0,alb
reals,0,templates/Images/reals/alb_id_86.jpg,0,alb
reals,0,templates/Images/reals/alb_id_14.jpg,0,alb
reals,0,templates/Images/reals/alb_id_05.jpg,0,alb
reals,0,templates/Images/reals/alb_id_74.jpg,0,alb
reals,0,templates/Images/reals/alb_id_92.jpg,0,alb
reals,0,templates/Images/reals/alb_id_22.jpg,0,alb
reals,0,templates/Images/reals/alb_id_56.jpg,0,alb
reals,0,templates/Images/reals/alb_id_13.jpg,0,alb
reals,0,templates/Images/reals/alb_id_83.jpg,0,alb
reals,0,templates/Images/reals/alb_id_32.jpg,0,alb
reals,0,templates/Images/reals/alb_id_67.jpg,0,alb
reals,0,templates/Images/reals/alb_id_72.jpg,0,alb
reals,0,templates/Images/reals/alb_id_79.jpg,0,alb
reals,0,templates/Images/reals/alb_id_28.jpg,0,alb
reals,0,templates/Images/reals/alb_id_88.jpg,0,alb
fakes,1,templates/Images/fakes/alb_id_53_fake_6_33.jpg,0,alb
fakes,1,templates/Images/fakes/alb_id_51_fake_6_5.jpg,0,alb
fakes,1,templates/Images/fakes/alb_id_70_fake_6_112.jpg,0,alb
fakes,1,templates/Images/fakes/alb_id_69_fake_6_83.jpg,0,alb
fakes,1,templates/Images/fakes/alb_id_98_fake_6_113.jpg,0,alb
fakes,1,templates/Images/fakes/alb_id_63_fake_6_108.jpg,0,alb
fakes,1,templates/Images/fakes/alb_id_23_fake_6_105.jpg,0,alb
fakes,1,templates/Images/fakes/alb_id_14_fake_6_52.jpg,0,alb
fakes,1,templates/Images/fakes/alb_id_60_fake_6_92.jpg,0,alb
fakes,1,templates/Images/fakes/alb_id_26_fake_6_34.jpg,0,alb
fakes,1,templates/Images/fakes/alb_id_18_fake_6_78.jpg,0,alb
fakes,1,templates/Images/fakes/alb_id_42_fake_6_94.jpg,0,alb
fakes,1,templates/Images/fakes/alb_id_05_fake_6_60.jpg,0,alb
fakes,1,templates/Images/fakes/alb_id_82_fake_6_96.jpg,0,alb
fakes,1,templates/Images/fakes/alb_id_94_fake_6_50.jpg,0,alb
fakes,1,templates/Images/fakes/alb_id_22_fake_6_72.jpg,0,alb
fakes,1,templates/Images/fakes/alb_id_02_fake_6_49.jpg,0,alb
fakes,1,templates/Images/fakes/alb_id_17_fake_6_47.jpg,0,alb
fakes,1,templates/Images/fakes/alb_id_63_fake_6_6.jpg,0,alb
fakes,1,templates/Images/fakes/alb_id_60_fake_6_76.jpg,0,alb
fakes,1,templates/Images/fakes/alb_id_46_fake_6_109.jpg,0,alb
fakes,1,templates/Images/fakes/alb_id_49_fake_6_114.jpg,0,alb
fakes,1,templates/Images/fakes/alb_id_87_fake_6_90.jpg,0,alb
fakes,1,templates/Images/fakes/alb_id_86_fake_6_59.jpg,0,alb
fakes,1,templates/Images/fakes/alb_id_47_fake_6_32.jpg,0,alb
fakes,1,templates/Images/fakes/alb_id_83_fake_6_35.jpg,0,alb
fakes,1,templates/Images/fakes/alb_id_43_fake_6_101.jpg,0,alb
fakes,1,templates/Images/fakes/alb_id_03_fake_6_87.jpg,0,alb
fakes,1,templates/Images/fakes/alb_id_81_fake_6_63.jpg,0,alb
fakes,1,templates/Images/fakes/alb_id_80_fake_6_2.jpg,0,alb
fakes,1,templates/Images/fakes/alb_id_83_fake_6_99.jpg,0,alb
fakes,1,templates/Images/fakes/alb_id_17_fake_6_98.jpg,0,alb
fakes,1,templates/Images/fakes/alb_id_12_fake_6_29.jpg,0,alb
fakes,1,templates/Images/fakes/alb_id_19_fake_6_16.jpg,0,alb
fakes,1,templates/Images/fakes/alb_id_59_fake_6_7.jpg,0,alb
fakes,1,templates/Images/fakes/alb_id_44_fake_6_4.jpg,0,alb
fakes,1,templates/Images/fakes/alb_id_80_fake_6_84.jpg,0,alb
fakes,1,templates/Images/fakes/alb_id_69_fake_6_1.jpg,0,alb
fakes,1,templates/Images/fakes/alb_id_86_fake_6_106.jpg,0,alb
fakes,1,templates/Images/fakes/alb_id_75_fake_6_20.jpg,0,alb
fakes,1,templates/Images/fakes/alb_id_15_fake_6_111.jpg,0,alb
fakes,1,templates/Images/fakes/alb_id_24_fake_6_100.jpg,0,alb
fakes,1,templates/Images/fakes/alb_id_70_fake_6_45.jpg,0,alb
fakes,1,templates/Images/fakes/alb_id_84_fake_6_110.jpg,0,alb
fakes,1,templates/Images/fakes/alb_id_01_fake_6_56.jpg,0,alb
fakes,1,templates/Images/fakes/alb_id_21_fake_6_70.jpg,0,alb
fakes,1,templates/Images/fakes/alb_id_37_fake_6_48.jpg,0,alb
fakes,1,templates/Images/fakes/alb_id_49_fake_6_115.jpg,0,alb
fakes,1,templates/Images/fakes/alb_id_80_fake_6_57.jpg,0,alb
fakes,1,templates/Images/fakes/alb_id_69_fake_6_3.jpg,0,alb
fakes,1,templates/Images/fakes/alb_id_25_fake_6_22.jpg,0,alb
fakes,1,templates/Images/fakes/alb_id_24_fake_6_80.jpg,0,alb
fakes,1,templates/Images/fakes/alb_id_70_fake_6_113.jpg,0,alb
fakes,1,templates/Images/fakes/alb_id_54_fake_6_77.jpg,0,alb
fakes,1,templates/Images/fakes/alb_id_26_fake_6_31.jpg,0,alb
fakes,1,templates/Images/fakes/alb_id_23_fake_6_106.jpg,0,alb
fakes,1,templates/Images/fakes/alb_id_89_fake_6_93.jpg,0,alb
fakes,1,templates/Images/fakes/alb_id_53_fake_6_46.jpg,0,alb
fakes,1,templates/Images/fakes/alb_id_53_fake_6_42.jpg,0,alb
fakes,1,templates/Images/fakes/alb_id_96_fake_6_86.jpg,0,alb
fakes,1,templates/Images/fakes/alb_id_21_fake_6_43.jpg,0,alb
fakes,1,templates/Images/fakes/alb_id_83_fake_6_74.jpg,0,alb
fakes,1,templates/Images/fakes/alb_id_63_fake_6_8.jpg,0,alb
fakes,1,templates/Images/fakes/alb_id_03_fake_6_69.jpg,0,alb
fakes,1,templates/Images/fakes/alb_id_01_fake_6_61.jpg,0,alb
fakes,1,templates/Images/fakes/alb_id_13_fake_6_18.jpg,0,alb
fakes,1,templates/Images/fakes/alb_id_38_fake_6_107.jpg,0,alb
fakes,1,templates/Images/fakes/alb_id_63_fake_6_102.jpg,0,alb
fakes,1,templates/Images/fakes/alb_id_87_fake_6_13.jpg,0,alb
fakes,1,templates/Images/fakes/alb_id_58_fake_6_85.jpg,0,alb
fakes,1,templates/Images/fakes/alb_id_32_fake_6_37.jpg,0,alb
fakes,1,templates/Images/fakes/alb_id_22_fake_6_26.jpg,0,alb
fakes,1,templates/Images/fakes/alb_id_55_fake_6_27.jpg,0,alb
fakes,1,templates/Images/fakes/alb_id_20_fake_6_51.jpg,0,alb
fakes,1,templates/Images/fakes/alb_id_71_fake_6_15.jpg,0,alb
fakes,1,templates/Images/fakes/alb_id_00_fake_6_25.jpg,0,alb
fakes,1,templates/Images/fakes/alb_id_46_fake_6_110.jpg,0,alb
fakes,1,templates/Images/fakes/alb_id_66_fake_6_17.jpg,0,alb
fakes,1,templates/Images/fakes/alb_id_74_fake_6_64.jpg,0,alb
fakes,1,templates/Images/fakes/alb_id_46_fake_6_97.jpg,0,alb
fakes,1,templates/Images/fakes/alb_id_98_fake_6_103.jpg,0,alb
fakes,1,templates/Images/fakes/alb_id_70_fake_6_55.jpg,0,alb
fakes,1,templates/Images/fakes/alb_id_34_fake_6_11.jpg,0,alb
fakes,1,templates/Images/fakes/alb_id_97_fake_6_82.jpg,0,alb
fakes,1,templates/Images/fakes/alb_id_66_fake_6_79.jpg,0,alb
fakes,1,templates/Images/fakes/alb_id_54_fake_6_40.jpg,0,alb
fakes,1,templates/Images/fakes/alb_id_64_fake_6_68.jpg,0,alb
fakes,1,templates/Images/fakes/alb_id_95_fake_6_104.jpg,0,alb
fakes,1,templates/Images/fakes/alb_id_98_fake_6_104.jpg,0,alb
fakes,1,templates/Images/fakes/alb_id_50_fake_6_75.jpg,0,alb
fakes,1,templates/Images/fakes/alb_id_76_fake_6_28.jpg,0,alb
fakes,1,templates/Images/fakes/alb_id_88_fake_6_73.jpg,0,alb
fakes,1,templates/Images/fakes/alb_id_45_fake_6_62.jpg,0,alb
fakes,1,templates/Images/fakes/alb_id_29_fake_6_9.jpg,0,alb
fakes,1,templates/Images/fakes/alb_id_84_fake_6_111.jpg,0,alb
fakes,1,templates/Images/fakes/alb_id_43_fake_6_89.jpg,0,alb
fakes,1,templates/Images/fakes/alb_id_23_fake_6_81.jpg,0,alb
fakes,1,templates/Images/fakes/alb_id_88_fake_6_71.jpg,0,alb
fakes,1,templates/Images/fakes/alb_id_85_fake_6_65.jpg,0,alb
fakes,1,templates/Images/fakes/alb_id_78_fake_6_39.jpg,0,alb
fakes,1,templates/Images/fakes/alb_id_18_fake_6_36.jpg,0,alb
fakes,1,templates/Images/fakes/alb_id_33_fake_6_10.jpg,0,alb
fakes,1,templates/Images/fakes/alb_id_81_fake_6_91.jpg,0,alb
fakes,1,templates/Images/fakes/alb_id_56_fake_6_41.jpg,0,alb
fakes,1,templates/Images/fakes/alb_id_86_fake_6_12.jpg,0,alb
fakes,1,templates/Images/fakes/alb_id_10_fake_6_67.jpg,0,alb
fakes,1,templates/Images/fakes/alb_id_58_fake_6_23.jpg,0,alb
fakes,1,templates/Images/fakes/alb_id_25_fake_6_95.jpg,0,alb
fakes,1,templates/Images/fakes/alb_id_73_fake_6_30.jpg,0,alb
fakes,1,templates/Images/fakes/alb_id_83_fake_6_54.jpg,0,alb
fakes,1,templates/Images/fakes/alb_id_02_fake_6_88.jpg,0,alb
fakes,1,templates/Images/fakes/alb_id_22_fake_6_0.jpg,0,alb
fakes,1,templates/Images/fakes/alb_id_88_fake_6_58.jpg,0,alb
fakes,1,templates/Images/fakes/alb_id_02_fake_6_44.jpg,0,alb
fakes,1,templates/Images/fakes/alb_id_24_fake_6_53.jpg,0,alb
fakes,1,templates/Images/fakes/alb_id_41_fake_6_14.jpg,0,alb
fakes,1,templates/Images/fakes/alb_id_75_fake_6_66.jpg,0,alb
fakes,1,templates/Images/fakes/alb_id_66_fake_6_21.jpg,0,alb
fakes,1,templates/Images/fakes/alb_id_57_fake_6_19.jpg,0,alb
fakes,1,templates/Images/fakes/alb_id_52_fake_6_38.jpg,0,alb
fakes,1,templates/Images/fakes/alb_id_54_fake_6_24.jpg,0,alb
fakes,1,templates/Images/fakes/alb_id_63_fake_6_109.jpg,0,alb
reals,0,templates/Images/reals/esp_id_94.jpg,2,esp
reals,0,templates/Images/reals/esp_id_80.jpg,2,esp
reals,0,templates/Images/reals/esp_id_40.jpg,2,esp
reals,0,templates/Images/reals/esp_id_54.jpg,2,esp
reals,0,templates/Images/reals/esp_id_04.jpg,2,esp
reals,0,templates/Images/reals/esp_id_11.jpg,2,esp
reals,0,templates/Images/reals/esp_id_32.jpg,2,esp
reals,0,templates/Images/reals/esp_id_47.jpg,2,esp
reals,0,templates/Images/reals/esp_id_51.jpg,2,esp
reals,0,templates/Images/reals/esp_id_30.jpg,2,esp
reals,0,templates/Images/reals/esp_id_42.jpg,2,esp
reals,0,templates/Images/reals/esp_id_57.jpg,2,esp
reals,0,templates/Images/reals/esp_id_07.jpg,2,esp
reals,0,templates/Images/reals/esp_id_13.jpg,2,esp
reals,0,templates/Images/reals/esp_id_52.jpg,2,esp
reals,0,templates/Images/reals/esp_id_03.jpg,2,esp
reals,0,templates/Images/reals/esp_id_58.jpg,2,esp
reals,0,templates/Images/reals/esp_id_45.jpg,2,esp
reals,0,templates/Images/reals/esp_id_39.jpg,2,esp
reals,0,templates/Images/reals/esp_id_69.jpg,2,esp
reals,0,templates/Images/reals/esp_id_06.jpg,2,esp
reals,0,templates/Images/reals/esp_id_02.jpg,2,esp
reals,0,templates/Images/reals/esp_id_66.jpg,2,esp
reals,0,templates/Images/reals/esp_id_89.jpg,2,esp
reals,0,templates/Images/reals/esp_id_73.jpg,2,esp
reals,0,templates/Images/reals/esp_id_55.jpg,2,esp
reals,0,templates/Images/reals/esp_id_77.jpg,2,esp
reals,0,templates/Images/reals/esp_id_67.jpg,2,esp
reals,0,templates/Images/reals/esp_id_64.jpg,2,esp
reals,0,templates/Images/reals/esp_id_27.jpg,2,esp
reals,0,templates/Images/reals/esp_id_91.jpg,2,esp
reals,0,templates/Images/reals/esp_id_82.jpg,2,esp
reals,0,templates/Images/reals/esp_id_18.jpg,2,esp
reals,0,templates/Images/reals/esp_id_92.jpg,2,esp
reals,0,templates/Images/reals/esp_id_05.jpg,2,esp
reals,0,templates/Images/reals/esp_id_26.jpg,2,esp
reals,0,templates/Images/reals/esp_id_12.jpg,2,esp
reals,0,templates/Images/reals/esp_id_22.jpg,2,esp
reals,0,templates/Images/reals/esp_id_63.jpg,2,esp
reals,0,templates/Images/reals/esp_id_31.jpg,2,esp
reals,0,templates/Images/reals/esp_id_21.jpg,2,esp
reals,0,templates/Images/reals/esp_id_53.jpg,2,esp
reals,0,templates/Images/reals/esp_id_96.jpg,2,esp
reals,0,templates/Images/reals/esp_id_41.jpg,2,esp
reals,0,templates/Images/reals/esp_id_65.jpg,2,esp
reals,0,templates/Images/reals/esp_id_88.jpg,2,esp
reals,0,templates/Images/reals/esp_id_98.jpg,2,esp
reals,0,templates/Images/reals/esp_id_85.jpg,2,esp
reals,0,templates/Images/reals/esp_id_78.jpg,2,esp
reals,0,templates/Images/reals/esp_id_86.jpg,2,esp
reals,0,templates/Images/reals/esp_id_49.jpg,2,esp
reals,0,templates/Images/reals/esp_id_71.jpg,2,esp
reals,0,templates/Images/reals/esp_id_44.jpg,2,esp
reals,0,templates/Images/reals/esp_id_70.jpg,2,esp
reals,0,templates/Images/reals/esp_id_60.jpg,2,esp
reals,0,templates/Images/reals/esp_id_00.jpg,2,esp
reals,0,templates/Images/reals/esp_id_23.jpg,2,esp
reals,0,templates/Images/reals/esp_id_14.jpg,2,esp
reals,0,templates/Images/reals/esp_id_56.jpg,2,esp
reals,0,templates/Images/reals/esp_id_93.jpg,2,esp
reals,0,templates/Images/reals/esp_id_59.jpg,2,esp
reals,0,templates/Images/reals/esp_id_46.jpg,2,esp
reals,0,templates/Images/reals/esp_id_75.jpg,2,esp
reals,0,templates/Images/reals/esp_id_43.jpg,2,esp
reals,0,templates/Images/reals/esp_id_08.jpg,2,esp
reals,0,templates/Images/reals/esp_id_68.jpg,2,esp
reals,0,templates/Images/reals/esp_id_37.jpg,2,esp
reals,0,templates/Images/reals/esp_id_01.jpg,2,esp
reals,0,templates/Images/reals/esp_id_72.jpg,2,esp
reals,0,templates/Images/reals/esp_id_28.jpg,2,esp
reals,0,templates/Images/reals/esp_id_87.jpg,2,esp
reals,0,templates/Images/reals/esp_id_50.jpg,2,esp
reals,0,templates/Images/reals/esp_id_09.jpg,2,esp
reals,0,templates/Images/reals/esp_id_79.jpg,2,esp
reals,0,templates/Images/reals/esp_id_90.jpg,2,esp
reals,0,templates/Images/reals/esp_id_34.jpg,2,esp
reals,0,templates/Images/reals/esp_id_15.jpg,2,esp
reals,0,templates/Images/reals/esp_id_35.jpg,2,esp
reals,0,templates/Images/reals/esp_id_25.jpg,2,esp
reals,0,templates/Images/reals/esp_id_48.jpg,2,esp
reals,0,templates/Images/reals/esp_id_61.jpg,2,esp
reals,0,templates/Images/reals/esp_id_95.jpg,2,esp
reals,0,templates/Images/reals/esp_id_16.jpg,2,esp
reals,0,templates/Images/reals/esp_id_10.jpg,2,esp
reals,0,templates/Images/reals/esp_id_76.jpg,2,esp
reals,0,templates/Images/reals/esp_id_17.jpg,2,esp
reals,0,templates/Images/reals/esp_id_83.jpg,2,esp
reals,0,templates/Images/reals/esp_id_97.jpg,2,esp
reals,0,templates/Images/reals/esp_id_19.jpg,2,esp
reals,0,templates/Images/reals/esp_id_29.jpg,2,esp
reals,0,templates/Images/reals/esp_id_74.jpg,2,esp
reals,0,templates/Images/reals/esp_id_38.jpg,2,esp
reals,0,templates/Images/reals/esp_id_33.jpg,2,esp
reals,0,templates/Images/reals/esp_id_62.jpg,2,esp
reals,0,templates/Images/reals/esp_id_36.jpg,2,esp
reals,0,templates/Images/reals/esp_id_84.jpg,2,esp
reals,0,templates/Images/reals/esp_id_81.jpg,2,esp
reals,0,templates/Images/reals/esp_id_99.jpg,2,esp
reals,0,templates/Images/reals/esp_id_24.jpg,2,esp
reals,0,templates/Images/reals/esp_id_20.jpg,2,esp
fakes,1,templates/Images/fakes/esp_id_08_fake_2_106.jpg,2,esp
fakes,1,templates/Images/fakes/esp_id_12_fake_2_58.jpg,2,esp
fakes,1,templates/Images/fakes/esp_id_23_fake_2_97.jpg,2,esp
fakes,1,templates/Images/fakes/esp_id_81_fake_2_70.jpg,2,esp
fakes,1,templates/Images/fakes/esp_id_34_fake_2_29.jpg,2,esp
fakes,1,templates/Images/fakes/esp_id_08_fake_2_41.jpg,2,esp
fakes,1,templates/Images/fakes/esp_id_17_fake_2_51.jpg,2,esp
fakes,1,templates/Images/fakes/esp_id_25_fake_2_113.jpg,2,esp
fakes,1,templates/Images/fakes/esp_id_83_fake_2_14.jpg,2,esp
fakes,1,templates/Images/fakes/esp_id_10_fake_2_30.jpg,2,esp
fakes,1,templates/Images/fakes/esp_id_03_fake_2_12.jpg,2,esp
fakes,1,templates/Images/fakes/esp_id_93_fake_2_11.jpg,2,esp
fakes,1,templates/Images/fakes/esp_id_65_fake_2_3.jpg,2,esp
fakes,1,templates/Images/fakes/esp_id_63_fake_2_112.jpg,2,esp
fakes,1,templates/Images/fakes/esp_id_02_fake_2_43.jpg,2,esp
fakes,1,templates/Images/fakes/esp_id_90_fake_2_19.jpg,2,esp
fakes,1,templates/Images/fakes/esp_id_46_fake_2_53.jpg,2,esp
fakes,1,templates/Images/fakes/esp_id_26_fake_2_64.jpg,2,esp
fakes,1,templates/Images/fakes/esp_id_44_fake_2_94.jpg,2,esp
fakes,1,templates/Images/fakes/esp_id_29_fake_2_80.jpg,2,esp
fakes,1,templates/Images/fakes/esp_id_18_fake_2_65.jpg,2,esp
fakes,1,templates/Images/fakes/esp_id_16_fake_2_72.jpg,2,esp
fakes,1,templates/Images/fakes/esp_id_93_fake_2_95.jpg,2,esp
fakes,1,templates/Images/fakes/esp_id_90_fake_2_57.jpg,2,esp
fakes,1,templates/Images/fakes/esp_id_38_fake_2_4.jpg,2,esp
fakes,1,templates/Images/fakes/esp_id_09_fake_2_93.jpg,2,esp
fakes,1,templates/Images/fakes/esp_id_42_fake_2_18.jpg,2,esp
fakes,1,templates/Images/fakes/esp_id_22_fake_2_108.jpg,2,esp
fakes,1,templates/Images/fakes/esp_id_10_fake_2_2.jpg,2,esp
fakes,1,templates/Images/fakes/esp_id_92_fake_2_88.jpg,2,esp
fakes,1,templates/Images/fakes/esp_id_98_fake_2_59.jpg,2,esp
fakes,1,templates/Images/fakes/esp_id_93_fake_2_7.jpg,2,esp
fakes,1,templates/Images/fakes/esp_id_56_fake_2_107.jpg,2,esp
fakes,1,templates/Images/fakes/esp_id_53_fake_2_86.jpg,2,esp
fakes,1,templates/Images/fakes/esp_id_96_fake_2_104.jpg,2,esp
fakes,1,templates/Images/fakes/esp_id_82_fake_2_0.jpg,2,esp
fakes,1,templates/Images/fakes/esp_id_66_fake_2_67.jpg,2,esp
fakes,1,templates/Images/fakes/esp_id_39_fake_2_42.jpg,2,esp
fakes,1,templates/Images/fakes/esp_id_43_fake_2_8.jpg,2,esp
fakes,1,templates/Images/fakes/esp_id_85_fake_2_100.jpg,2,esp
fakes,1,templates/Images/fakes/esp_id_00_fake_2_74.jpg,2,esp
fakes,1,templates/Images/fakes/esp_id_15_fake_2_47.jpg,2,esp
fakes,1,templates/Images/fakes/esp_id_86_fake_2_54.jpg,2,esp
fakes,1,templates/Images/fakes/esp_id_79_fake_2_114.jpg,2,esp
fakes,1,templates/Images/fakes/esp_id_99_fake_2_55.jpg,2,esp
fakes,1,templates/Images/fakes/esp_id_33_fake_2_90.jpg,2,esp
fakes,1,templates/Images/fakes/esp_id_88_fake_2_38.jpg,2,esp
fakes,1,templates/Images/fakes/esp_id_33_fake_2_75.jpg,2,esp
fakes,1,templates/Images/fakes/esp_id_09_fake_2_63.jpg,2,esp
fakes,1,templates/Images/fakes/esp_id_14_fake_2_85.jpg,2,esp
fakes,1,templates/Images/fakes/esp_id_74_fake_2_109.jpg,2,esp
fakes,1,templates/Images/fakes/esp_id_99_fake_2_101.jpg,2,esp
fakes,1,templates/Images/fakes/esp_id_64_fake_2_15.jpg,2,esp
fakes,1,templates/Images/fakes/esp_id_27_fake_2_66.jpg,2,esp
fakes,1,templates/Images/fakes/esp_id_29_fake_2_52.jpg,2,esp
fakes,1,templates/Images/fakes/esp_id_35_fake_2_71.jpg,2,esp
fakes,1,templates/Images/fakes/esp_id_04_fake_2_39.jpg,2,esp
fakes,1,templates/Images/fakes/esp_id_48_fake_2_21.jpg,2,esp
fakes,1,templates/Images/fakes/esp_id_49_fake_2_28.jpg,2,esp
fakes,1,templates/Images/fakes/esp_id_53_fake_2_106.jpg,2,esp
fakes,1,templates/Images/fakes/esp_id_96_fake_2_24.jpg,2,esp
fakes,1,templates/Images/fakes/esp_id_92_fake_2_34.jpg,2,esp
fakes,1,templates/Images/fakes/esp_id_57_fake_2_32.jpg,2,esp
fakes,1,templates/Images/fakes/esp_id_86_fake_2_44.jpg,2,esp
fakes,1,templates/Images/fakes/esp_id_72_fake_2_36.jpg,2,esp
fakes,1,templates/Images/fakes/esp_id_90_fake_2_25.jpg,2,esp
fakes,1,templates/Images/fakes/esp_id_20_fake_2_68.jpg,2,esp
fakes,1,templates/Images/fakes/esp_id_00_fake_2_26.jpg,2,esp
fakes,1,templates/Images/fakes/esp_id_37_fake_2_5.jpg,2,esp
fakes,1,templates/Images/fakes/esp_id_33_fake_2_1.jpg,2,esp
fakes,1,templates/Images/fakes/esp_id_23_fake_2_10.jpg,2,esp
fakes,1,templates/Images/fakes/esp_id_77_fake_2_103.jpg,2,esp
fakes,1,templates/Images/fakes/esp_id_34_fake_2_77.jpg,2,esp
fakes,1,templates/Images/fakes/esp_id_29_fake_2_81.jpg,2,esp
fakes,1,templates/Images/fakes/esp_id_41_fake_2_92.jpg,2,esp
fakes,1,templates/Images/fakes/esp_id_31_fake_2_16.jpg,2,esp
fakes,1,templates/Images/fakes/esp_id_51_fake_2_48.jpg,2,esp
fakes,1,templates/Images/fakes/esp_id_38_fake_2_17.jpg,2,esp
fakes,1,templates/Images/fakes/esp_id_23_fake_2_104.jpg,2,esp
fakes,1,templates/Images/fakes/esp_id_72_fake_2_89.jpg,2,esp
fakes,1,templates/Images/fakes/esp_id_08_fake_2_60.jpg,2,esp
fakes,1,templates/Images/fakes/esp_id_63_fake_2_69.jpg,2,esp
fakes,1,templates/Images/fakes/esp_id_71_fake_2_76.jpg,2,esp
fakes,1,templates/Images/fakes/esp_id_28_fake_2_49.jpg,2,esp
fakes,1,templates/Images/fakes/esp_id_30_fake_2_83.jpg,2,esp
fakes,1,templates/Images/fakes/esp_id_13_fake_2_91.jpg,2,esp
fakes,1,templates/Images/fakes/esp_id_35_fake_2_110.jpg,2,esp
fakes,1,templates/Images/fakes/esp_id_96_fake_2_103.jpg,2,esp
fakes,1,templates/Images/fakes/esp_id_23_fake_2_105.jpg,2,esp
fakes,1,templates/Images/fakes/esp_id_23_fake_2_78.jpg,2,esp
fakes,1,templates/Images/fakes/esp_id_96_fake_2_40.jpg,2,esp
fakes,1,templates/Images/fakes/esp_id_00_fake_2_31.jpg,2,esp
fakes,1,templates/Images/fakes/esp_id_09_fake_2_33.jpg,2,esp
fakes,1,templates/Images/fakes/esp_id_70_fake_2_82.jpg,2,esp
fakes,1,templates/Images/fakes/esp_id_63_fake_2_111.jpg,2,esp
fakes,1,templates/Images/fakes/esp_id_45_fake_2_84.jpg,2,esp
fakes,1,templates/Images/fakes/esp_id_19_fake_2_96.jpg,2,esp
fakes,1,templates/Images/fakes/esp_id_13_fake_2_45.jpg,2,esp
fakes,1,templates/Images/fakes/esp_id_61_fake_2_27.jpg,2,esp
fakes,1,templates/Images/fakes/esp_id_50_fake_2_62.jpg,2,esp
fakes,1,templates/Images/fakes/esp_id_74_fake_2_99.jpg,2,esp
fakes,1,templates/Images/fakes/esp_id_39_fake_2_79.jpg,2,esp
fakes,1,templates/Images/fakes/esp_id_02_fake_2_37.jpg,2,esp
fakes,1,templates/Images/fakes/esp_id_25_fake_2_112.jpg,2,esp
fakes,1,templates/Images/fakes/esp_id_14_fake_2_9.jpg,2,esp
fakes,1,templates/Images/fakes/esp_id_45_fake_2_13.jpg,2,esp
fakes,1,templates/Images/fakes/esp_id_42_fake_2_87.jpg,2,esp
fakes,1,templates/Images/fakes/esp_id_60_fake_2_23.jpg,2,esp
fakes,1,templates/Images/fakes/esp_id_08_fake_2_105.jpg,2,esp
fakes,1,templates/Images/fakes/esp_id_77_fake_2_102.jpg,2,esp
fakes,1,templates/Images/fakes/esp_id_60_fake_2_113.jpg,2,esp
fakes,1,templates/Images/fakes/esp_id_34_fake_2_50.jpg,2,esp
fakes,1,templates/Images/fakes/esp_id_37_fake_2_20.jpg,2,esp
fakes,1,templates/Images/fakes/esp_id_36_fake_2_73.jpg,2,esp
fakes,1,templates/Images/fakes/esp_id_85_fake_2_98.jpg,2,esp
fakes,1,templates/Images/fakes/esp_id_35_fake_2_111.jpg,2,esp
fakes,1,templates/Images/fakes/esp_id_98_fake_2_61.jpg,2,esp
fakes,1,templates/Images/fakes/esp_id_91_fake_2_46.jpg,2,esp
fakes,1,templates/Images/fakes/esp_id_38_fake_2_56.jpg,2,esp
fakes,1,templates/Images/fakes/esp_id_40_fake_2_22.jpg,2,esp
fakes,1,templates/Images/fakes/esp_id_33_fake_2_35.jpg,2,esp
fakes,1,templates/Images/fakes/esp_id_01_fake_2_6.jpg,2,esp
reals,0,templates/Images/reals/est_id_28.jpg,3,est
reals,0,templates/Images/reals/est_id_13.jpg,3,est
reals,0,templates/Images/reals/est_id_21.jpg,3,est
reals,0,templates/Images/reals/est_id_69.jpg,3,est
reals,0,templates/Images/reals/est_id_52.jpg,3,est
reals,0,templates/Images/reals/est_id_36.jpg,3,est
reals,0,templates/Images/reals/est_id_80.jpg,3,est
reals,0,templates/Images/reals/est_id_57.jpg,3,est
reals,0,templates/Images/reals/est_id_63.jpg,3,est
reals,0,templates/Images/reals/est_id_02.jpg,3,est
reals,0,templates/Images/reals/est_id_77.jpg,3,est
reals,0,templates/Images/reals/est_id_47.jpg,3,est
reals,0,templates/Images/reals/est_id_26.jpg,3,est
reals,0,templates/Images/reals/est_id_08.jpg,3,est
reals,0,templates/Images/reals/est_id_48.jpg,3,est
reals,0,templates/Images/reals/est_id_44.jpg,3,est
reals,0,templates/Images/reals/est_id_37.jpg,3,est
reals,0,templates/Images/reals/est_id_76.jpg,3,est
reals,0,templates/Images/reals/est_id_84.jpg,3,est
reals,0,templates/Images/reals/est_id_20.jpg,3,est
reals,0,templates/Images/reals/est_id_09.jpg,3,est
reals,0,templates/Images/reals/est_id_18.jpg,3,est
reals,0,templates/Images/reals/est_id_45.jpg,3,est
reals,0,templates/Images/reals/est_id_49.jpg,3,est
reals,0,templates/Images/reals/est_id_96.jpg,3,est
reals,0,templates/Images/reals/est_id_39.jpg,3,est
reals,0,templates/Images/reals/est_id_32.jpg,3,est
reals,0,templates/Images/reals/est_id_92.jpg,3,est
reals,0,templates/Images/reals/est_id_79.jpg,3,est
reals,0,templates/Images/reals/est_id_85.jpg,3,est
reals,0,templates/Images/reals/est_id_98.jpg,3,est
reals,0,templates/Images/reals/est_id_97.jpg,3,est
reals,0,templates/Images/reals/est_id_70.jpg,3,est
reals,0,templates/Images/reals/est_id_67.jpg,3,est
reals,0,templates/Images/reals/est_id_10.jpg,3,est
reals,0,templates/Images/reals/est_id_50.jpg,3,est
reals,0,templates/Images/reals/est_id_78.jpg,3,est
reals,0,templates/Images/reals/est_id_06.jpg,3,est
reals,0,templates/Images/reals/est_id_34.jpg,3,est
reals,0,templates/Images/reals/est_id_55.jpg,3,est
reals,0,templates/Images/reals/est_id_16.jpg,3,est
reals,0,templates/Images/reals/est_id_00.jpg,3,est
reals,0,templates/Images/reals/est_id_74.jpg,3,est
reals,0,templates/Images/reals/est_id_29.jpg,3,est
reals,0,templates/Images/reals/est_id_07.jpg,3,est
reals,0,templates/Images/reals/est_id_89.jpg,3,est
reals,0,templates/Images/reals/est_id_95.jpg,3,est
reals,0,templates/Images/reals/est_id_25.jpg,3,est
reals,0,templates/Images/reals/est_id_72.jpg,3,est
reals,0,templates/Images/reals/est_id_31.jpg,3,est
reals,0,templates/Images/reals/est_id_27.jpg,3,est
reals,0,templates/Images/reals/est_id_88.jpg,3,est
reals,0,templates/Images/reals/est_id_30.jpg,3,est
reals,0,templates/Images/reals/est_id_12.jpg,3,est
reals,0,templates/Images/reals/est_id_87.jpg,3,est
reals,0,templates/Images/reals/est_id_15.jpg,3,est
reals,0,templates/Images/reals/est_id_19.jpg,3,est
reals,0,templates/Images/reals/est_id_58.jpg,3,est
reals,0,templates/Images/reals/est_id_54.jpg,3,est
reals,0,templates/Images/reals/est_id_86.jpg,3,est
reals,0,templates/Images/reals/est_id_40.jpg,3,est
reals,0,templates/Images/reals/est_id_17.jpg,3,est
reals,0,templates/Images/reals/est_id_41.jpg,3,est
reals,0,templates/Images/reals/est_id_93.jpg,3,est
reals,0,templates/Images/reals/est_id_60.jpg,3,est
reals,0,templates/Images/reals/est_id_68.jpg,3,est
reals,0,templates/Images/reals/est_id_03.jpg,3,est
reals,0,templates/Images/reals/est_id_23.jpg,3,est
reals,0,templates/Images/reals/est_id_46.jpg,3,est
reals,0,templates/Images/reals/est_id_66.jpg,3,est
reals,0,templates/Images/reals/est_id_65.jpg,3,est
reals,0,templates/Images/reals/est_id_43.jpg,3,est
reals,0,templates/Images/reals/est_id_94.jpg,3,est
reals,0,templates/Images/reals/est_id_14.jpg,3,est
reals,0,templates/Images/reals/est_id_38.jpg,3,est
reals,0,templates/Images/reals/est_id_71.jpg,3,est
reals,0,templates/Images/reals/est_id_61.jpg,3,est
reals,0,templates/Images/reals/est_id_62.jpg,3,est
reals,0,templates/Images/reals/est_id_59.jpg,3,est
reals,0,templates/Images/reals/est_id_51.jpg,3,est
reals,0,templates/Images/reals/est_id_81.jpg,3,est
reals,0,templates/Images/reals/est_id_91.jpg,3,est
reals,0,templates/Images/reals/est_id_11.jpg,3,est
reals,0,templates/Images/reals/est_id_99.jpg,3,est
reals,0,templates/Images/reals/est_id_75.jpg,3,est
reals,0,templates/Images/reals/est_id_64.jpg,3,est
reals,0,templates/Images/reals/est_id_42.jpg,3,est
reals,0,templates/Images/reals/est_id_04.jpg,3,est
reals,0,templates/Images/reals/est_id_82.jpg,3,est
reals,0,templates/Images/reals/est_id_90.jpg,3,est
reals,0,templates/Images/reals/est_id_01.jpg,3,est
reals,0,templates/Images/reals/est_id_33.jpg,3,est
reals,0,templates/Images/reals/est_id_53.jpg,3,est
reals,0,templates/Images/reals/est_id_22.jpg,3,est
reals,0,templates/Images/reals/est_id_24.jpg,3,est
reals,0,templates/Images/reals/est_id_83.jpg,3,est
reals,0,templates/Images/reals/est_id_73.jpg,3,est
reals,0,templates/Images/reals/est_id_35.jpg,3,est
reals,0,templates/Images/reals/est_id_05.jpg,3,est
reals,0,templates/Images/reals/est_id_56.jpg,3,est
fakes,1,templates/Images/fakes/est_id_34_fake_9_106.jpg,3,est
fakes,1,templates/Images/fakes/est_id_03_fake_9_4.jpg,3,est
fakes,1,templates/Images/fakes/est_id_48_fake_9_80.jpg,3,est
fakes,1,templates/Images/fakes/est_id_83_fake_9_105.jpg,3,est
fakes,1,templates/Images/fakes/est_id_80_fake_9_17.jpg,3,est
fakes,1,templates/Images/fakes/est_id_02_fake_9_104.jpg,3,est
fakes,1,templates/Images/fakes/est_id_38_fake_9_35.jpg,3,est
fakes,1,templates/Images/fakes/est_id_10_fake_9_63.jpg,3,est
fakes,1,templates/Images/fakes/est_id_93_fake_9_29.jpg,3,est
fakes,1,templates/Images/fakes/est_id_74_fake_9_114.jpg,3,est
fakes,1,templates/Images/fakes/est_id_66_fake_9_97.jpg,3,est
fakes,1,templates/Images/fakes/est_id_15_fake_9_48.jpg,3,est
fakes,1,templates/Images/fakes/est_id_74_fake_9_37.jpg,3,est
fakes,1,templates/Images/fakes/est_id_03_fake_9_36.jpg,3,est
fakes,1,templates/Images/fakes/est_id_39_fake_9_109.jpg,3,est
fakes,1,templates/Images/fakes/est_id_67_fake_9_30.jpg,3,est
fakes,1,templates/Images/fakes/est_id_10_fake_9_44.jpg,3,est
fakes,1,templates/Images/fakes/est_id_27_fake_9_100.jpg,3,est
fakes,1,templates/Images/fakes/est_id_47_fake_9_39.jpg,3,est
fakes,1,templates/Images/fakes/est_id_32_fake_9_60.jpg,3,est
fakes,1,templates/Images/fakes/est_id_86_fake_9_21.jpg,3,est
fakes,1,templates/Images/fakes/est_id_55_fake_9_61.jpg,3,est
fakes,1,templates/Images/fakes/est_id_73_fake_9_7.jpg,3,est
fakes,1,templates/Images/fakes/est_id_97_fake_9_82.jpg,3,est
fakes,1,templates/Images/fakes/est_id_35_fake_9_70.jpg,3,est
fakes,1,templates/Images/fakes/est_id_12_fake_9_102.jpg,3,est
fakes,1,templates/Images/fakes/est_id_96_fake_9_28.jpg,3,est
fakes,1,templates/Images/fakes/est_id_70_fake_9_23.jpg,3,est
fakes,1,templates/Images/fakes/est_id_60_fake_9_91.jpg,3,est
fakes,1,templates/Images/fakes/est_id_96_fake_9_20.jpg,3,est
fakes,1,templates/Images/fakes/est_id_75_fake_9_52.jpg,3,est
fakes,1,templates/Images/fakes/est_id_21_fake_9_59.jpg,3,est
fakes,1,templates/Images/fakes/est_id_12_fake_9_103.jpg,3,est
fakes,1,templates/Images/fakes/est_id_69_fake_9_96.jpg,3,est
fakes,1,templates/Images/fakes/est_id_40_fake_9_98.jpg,3,est
fakes,1,templates/Images/fakes/est_id_18_fake_9_75.jpg,3,est
fakes,1,templates/Images/fakes/est_id_19_fake_9_62.jpg,3,est
fakes,1,templates/Images/fakes/est_id_57_fake_9_27.jpg,3,est
fakes,1,templates/Images/fakes/est_id_51_fake_9_8.jpg,3,est
fakes,1,templates/Images/fakes/est_id_69_fake_9_95.jpg,3,est
fakes,1,templates/Images/fakes/est_id_22_fake_9_87.jpg,3,est
fakes,1,templates/Images/fakes/est_id_31_fake_9_89.jpg,3,est
fakes,1,templates/Images/fakes/est_id_21_fake_9_86.jpg,3,est
fakes,1,templates/Images/fakes/est_id_04_fake_9_107.jpg,3,est
fakes,1,templates/Images/fakes/est_id_56_fake_9_53.jpg,3,est
fakes,1,templates/Images/fakes/est_id_83_fake_9_106.jpg,3,est
fakes,1,templates/Images/fakes/est_id_62_fake_9_114.jpg,3,est
fakes,1,templates/Images/fakes/est_id_86_fake_9_42.jpg,3,est
fakes,1,templates/Images/fakes/est_id_34_fake_9_77.jpg,3,est
fakes,1,templates/Images/fakes/est_id_25_fake_9_0.jpg,3,est
fakes,1,templates/Images/fakes/est_id_60_fake_9_32.jpg,3,est
fakes,1,templates/Images/fakes/est_id_39_fake_9_69.jpg,3,est
fakes,1,templates/Images/fakes/est_id_15_fake_9_56.jpg,3,est
fakes,1,templates/Images/fakes/est_id_74_fake_9_115.jpg,3,est
fakes,1,templates/Images/fakes/est_id_09_fake_9_93.jpg,3,est
fakes,1,templates/Images/fakes/est_id_57_fake_9_72.jpg,3,est
fakes,1,templates/Images/fakes/est_id_65_fake_9_85.jpg,3,est
fakes,1,templates/Images/fakes/est_id_29_fake_9_41.jpg,3,est
fakes,1,templates/Images/fakes/est_id_54_fake_9_6.jpg,3,est
fakes,1,templates/Images/fakes/est_id_12_fake_9_94.jpg,3,est
fakes,1,templates/Images/fakes/est_id_58_fake_9_12.jpg,3,est
fakes,1,templates/Images/fakes/est_id_53_fake_9_68.jpg,3,est
fakes,1,templates/Images/fakes/est_id_77_fake_9_43.jpg,3,est
fakes,1,templates/Images/fakes/est_id_44_fake_9_46.jpg,3,est
fakes,1,templates/Images/fakes/est_id_85_fake_9_3.jpg,3,est
fakes,1,templates/Images/fakes/est_id_66_fake_9_5.jpg,3,est
fakes,1,templates/Images/fakes/est_id_74_fake_9_45.jpg,3,est
fakes,1,templates/Images/fakes/est_id_73_fake_9_57.jpg,3,est
fakes,1,templates/Images/fakes/est_id_88_fake_9_79.jpg,3,est
fakes,1,templates/Images/fakes/est_id_20_fake_9_102.jpg,3,est
fakes,1,templates/Images/fakes/est_id_79_fake_9_55.jpg,3,est
fakes,1,templates/Images/fakes/est_id_30_fake_9_18.jpg,3,est
fakes,1,templates/Images/fakes/est_id_86_fake_9_19.jpg,3,est
fakes,1,templates/Images/fakes/est_id_22_fake_9_25.jpg,3,est
fakes,1,templates/Images/fakes/est_id_17_fake_9_31.jpg,3,est
fakes,1,templates/Images/fakes/est_id_27_fake_9_101.jpg,3,est
fakes,1,templates/Images/fakes/est_id_01_fake_9_38.jpg,3,est
fakes,1,templates/Images/fakes/est_id_90_fake_9_112.jpg,3,est
fakes,1,templates/Images/fakes/est_id_46_fake_9_74.jpg,3,est
fakes,1,templates/Images/fakes/est_id_75_fake_9_11.jpg,3,est
fakes,1,templates/Images/fakes/est_id_29_fake_9_110.jpg,3,est
fakes,1,templates/Images/fakes/est_id_77_fake_9_33.jpg,3,est
fakes,1,templates/Images/fakes/est_id_95_fake_9_24.jpg,3,est
fakes,1,templates/Images/fakes/est_id_73_fake_9_78.jpg,3,est
fakes,1,templates/Images/fakes/est_id_68_fake_9_49.jpg,3,est
fakes,1,templates/Images/fakes/est_id_13_fake_9_16.jpg,3,est
fakes,1,templates/Images/fakes/est_id_54_fake_9_51.jpg,3,est
fakes,1,templates/Images/fakes/est_id_69_fake_9_92.jpg,3,est
fakes,1,templates/Images/fakes/est_id_75_fake_9_13.jpg,3,est
fakes,1,templates/Images/fakes/est_id_42_fake_9_111.jpg,3,est
fakes,1,templates/Images/fakes/est_id_11_fake_9_83.jpg,3,est
fakes,1,templates/Images/fakes/est_id_83_fake_9_65.jpg,3,est
fakes,1,templates/Images/fakes/est_id_97_fake_9_76.jpg,3,est
fakes,1,templates/Images/fakes/est_id_61_fake_9_81.jpg,3,est
fakes,1,templates/Images/fakes/est_id_19_fake_9_88.jpg,3,est
fakes,1,templates/Images/fakes/est_id_31_fake_9_10.jpg,3,est
fakes,1,templates/Images/fakes/est_id_73_fake_9_26.jpg,3,est
fakes,1,templates/Images/fakes/est_id_10_fake_9_66.jpg,3,est
fakes,1,templates/Images/fakes/est_id_07_fake_9_22.jpg,3,est
fakes,1,templates/Images/fakes/est_id_72_fake_9_47.jpg,3,est
fakes,1,templates/Images/fakes/est_id_27_fake_9_14.jpg,3,est
fakes,1,templates/Images/fakes/est_id_62_fake_9_113.jpg,3,est
fakes,1,templates/Images/fakes/est_id_86_fake_9_108.jpg,3,est
fakes,1,templates/Images/fakes/est_id_92_fake_9_50.jpg,3,est
fakes,1,templates/Images/fakes/est_id_11_fake_9_40.jpg,3,est
fakes,1,templates/Images/fakes/est_id_01_fake_9_71.jpg,3,est
fakes,1,templates/Images/fakes/est_id_49_fake_9_34.jpg,3,est
fakes,1,templates/Images/fakes/est_id_91_fake_9_58.jpg,3,est
fakes,1,templates/Images/fakes/est_id_70_fake_9_54.jpg,3,est
fakes,1,templates/Images/fakes/est_id_42_fake_9_84.jpg,3,est
fakes,1,templates/Images/fakes/est_id_95_fake_9_15.jpg,3,est
fakes,1,templates/Images/fakes/est_id_36_fake_9_1.jpg,3,est
fakes,1,templates/Images/fakes/est_id_55_fake_9_9.jpg,3,est
fakes,1,templates/Images/fakes/est_id_24_fake_9_99.jpg,3,est
fakes,1,templates/Images/fakes/est_id_20_fake_9_101.jpg,3,est
fakes,1,templates/Images/fakes/est_id_10_fake_9_67.jpg,3,est
fakes,1,templates/Images/fakes/est_id_08_fake_9_64.jpg,3,est
fakes,1,templates/Images/fakes/est_id_55_fake_9_90.jpg,3,est
fakes,1,templates/Images/fakes/est_id_69_fake_9_73.jpg,3,est
fakes,1,templates/Images/fakes/est_id_44_fake_9_2.jpg,3,est
reals,0,templates/Images/reals/grc_passport_85.jpg,5,grc
reals,0,templates/Images/reals/grc_passport_59.jpg,5,grc
reals,0,templates/Images/reals/grc_passport_01.jpg,5,grc
reals,0,templates/Images/reals/grc_passport_81.jpg,5,grc
reals,0,templates/Images/reals/grc_passport_42.jpg,5,grc
reals,0,templates/Images/reals/grc_passport_02.jpg,5,grc
reals,0,templates/Images/reals/grc_passport_13.jpg,5,grc
reals,0,templates/Images/reals/grc_passport_35.jpg,5,grc
reals,0,templates/Images/reals/grc_passport_46.jpg,5,grc
reals,0,templates/Images/reals/grc_passport_93.jpg,5,grc
reals,0,templates/Images/reals/grc_passport_97.jpg,5,grc
reals,0,templates/Images/reals/grc_passport_88.jpg,5,grc
reals,0,templates/Images/reals/grc_passport_20.jpg,5,grc
reals,0,templates/Images/reals/grc_passport_62.jpg,5,grc
reals,0,templates/Images/reals/grc_passport_91.jpg,5,grc
reals,0,templates/Images/reals/grc_passport_26.jpg,5,grc
reals,0,templates/Images/reals/grc_passport_61.jpg,5,grc
reals,0,templates/Images/reals/grc_passport_79.jpg,5,grc
reals,0,templates/Images/reals/grc_passport_65.jpg,5,grc
reals,0,templates/Images/reals/grc_passport_25.jpg,5,grc
reals,0,templates/Images/reals/grc_passport_98.jpg,5,grc
reals,0,templates/Images/reals/grc_passport_70.jpg,5,grc
reals,0,templates/Images/reals/grc_passport_71.jpg,5,grc
reals,0,templates/Images/reals/grc_passport_39.jpg,5,grc
reals,0,templates/Images/reals/grc_passport_74.jpg,5,grc
reals,0,templates/Images/reals/grc_passport_95.jpg,5,grc
reals,0,templates/Images/reals/grc_passport_03.jpg,5,grc
reals,0,templates/Images/reals/grc_passport_73.jpg,5,grc
reals,0,templates/Images/reals/grc_passport_83.jpg,5,grc
reals,0,templates/Images/reals/grc_passport_22.jpg,5,grc
reals,0,templates/Images/reals/grc_passport_32.jpg,5,grc
reals,0,templates/Images/reals/grc_passport_12.jpg,5,grc
reals,0,templates/Images/reals/grc_passport_21.jpg,5,grc
reals,0,templates/Images/reals/grc_passport_54.jpg,5,grc
reals,0,templates/Images/reals/grc_passport_09.jpg,5,grc
reals,0,templates/Images/reals/grc_passport_58.jpg,5,grc
reals,0,templates/Images/reals/grc_passport_40.jpg,5,grc
reals,0,templates/Images/reals/grc_passport_00.jpg,5,grc
reals,0,templates/Images/reals/grc_passport_48.jpg,5,grc
reals,0,templates/Images/reals/grc_passport_86.jpg,5,grc
reals,0,templates/Images/reals/grc_passport_90.jpg,5,grc
reals,0,templates/Images/reals/grc_passport_80.jpg,5,grc
reals,0,templates/Images/reals/grc_passport_82.jpg,5,grc
reals,0,templates/Images/reals/grc_passport_30.jpg,5,grc
reals,0,templates/Images/reals/grc_passport_49.jpg,5,grc
reals,0,templates/Images/reals/grc_passport_45.jpg,5,grc
reals,0,templates/Images/reals/grc_passport_69.jpg,5,grc
reals,0,templates/Images/reals/grc_passport_31.jpg,5,grc
reals,0,templates/Images/reals/grc_passport_72.jpg,5,grc
reals,0,templates/Images/reals/grc_passport_78.jpg,5,grc
reals,0,templates/Images/reals/grc_passport_68.jpg,5,grc
reals,0,templates/Images/reals/grc_passport_06.jpg,5,grc
reals,0,templates/Images/reals/grc_passport_16.jpg,5,grc
reals,0,templates/Images/reals/grc_passport_07.jpg,5,grc
reals,0,templates/Images/reals/grc_passport_47.jpg,5,grc
reals,0,templates/Images/reals/grc_passport_37.jpg,5,grc
reals,0,templates/Images/reals/grc_passport_27.jpg,5,grc
reals,0,templates/Images/reals/grc_passport_05.jpg,5,grc
reals,0,templates/Images/reals/grc_passport_64.jpg,5,grc
reals,0,templates/Images/reals/grc_passport_14.jpg,5,grc
reals,0,templates/Images/reals/grc_passport_41.jpg,5,grc
reals,0,templates/Images/reals/grc_passport_92.jpg,5,grc
reals,0,templates/Images/reals/grc_passport_11.jpg,5,grc
reals,0,templates/Images/reals/grc_passport_57.jpg,5,grc
reals,0,templates/Images/reals/grc_passport_04.jpg,5,grc
reals,0,templates/Images/reals/grc_passport_29.jpg,5,grc
reals,0,templates/Images/reals/grc_passport_44.jpg,5,grc
reals,0,templates/Images/reals/grc_passport_89.jpg,5,grc
reals,0,templates/Images/reals/grc_passport_52.jpg,5,grc
reals,0,templates/Images/reals/grc_passport_96.jpg,5,grc
reals,0,templates/Images/reals/grc_passport_19.jpg,5,grc
reals,0,templates/Images/reals/grc_passport_66.jpg,5,grc
reals,0,templates/Images/reals/grc_passport_24.jpg,5,grc
reals,0,templates/Images/reals/grc_passport_99.jpg,5,grc
reals,0,templates/Images/reals/grc_passport_43.jpg,5,grc
reals,0,templates/Images/reals/grc_passport_34.jpg,5,grc
reals,0,templates/Images/reals/grc_passport_55.jpg,5,grc
reals,0,templates/Images/reals/grc_passport_33.jpg,5,grc
reals,0,templates/Images/reals/grc_passport_38.jpg,5,grc
reals,0,templates/Images/reals/grc_passport_67.jpg,5,grc
reals,0,templates/Images/reals/grc_passport_75.jpg,5,grc
reals,0,templates/Images/reals/grc_passport_77.jpg,5,grc
reals,0,templates/Images/reals/grc_passport_10.jpg,5,grc
reals,0,templates/Images/reals/grc_passport_51.jpg,5,grc
reals,0,templates/Images/reals/grc_passport_76.jpg,5,grc
reals,0,templates/Images/reals/grc_passport_15.jpg,5,grc
reals,0,templates/Images/reals/grc_passport_18.jpg,5,grc
reals,0,templates/Images/reals/grc_passport_28.jpg,5,grc
reals,0,templates/Images/reals/grc_passport_17.jpg,5,grc
reals,0,templates/Images/reals/grc_passport_87.jpg,5,grc
reals,0,templates/Images/reals/grc_passport_23.jpg,5,grc
reals,0,templates/Images/reals/grc_passport_08.jpg,5,grc
reals,0,templates/Images/reals/grc_passport_56.jpg,5,grc
reals,0,templates/Images/reals/grc_passport_63.jpg,5,grc
reals,0,templates/Images/reals/grc_passport_53.jpg,5,grc
reals,0,templates/Images/reals/grc_passport_60.jpg,5,grc
reals,0,templates/Images/reals/grc_passport_84.jpg,5,grc
reals,0,templates/Images/reals/grc_passport_36.jpg,5,grc
reals,0,templates/Images/reals/grc_passport_50.jpg,5,grc
reals,0,templates/Images/reals/grc_passport_94.jpg,5,grc
fakes,1,templates/Images/fakes/grc_passport_21_fake_4_38.jpg,5,grc
fakes,1,templates/Images/fakes/grc_passport_44_fake_4_62.jpg,5,grc
fakes,1,templates/Images/fakes/grc_passport_00_fake_4_40.jpg,5,grc
fakes,1,templates/Images/fakes/grc_passport_58_fake_4_10.jpg,5,grc
fakes,1,templates/Images/fakes/grc_passport_94_fake_4_106.jpg,5,grc
fakes,1,templates/Images/fakes/grc_passport_20_fake_4_58.jpg,5,grc
fakes,1,templates/Images/fakes/grc_passport_96_fake_4_42.jpg,5,grc
fakes,1,templates/Images/fakes/grc_passport_59_fake_4_16.jpg,5,grc
fakes,1,templates/Images/fakes/grc_passport_35_fake_4_108.jpg,5,grc
fakes,1,templates/Images/fakes/grc_passport_77_fake_4_64.jpg,5,grc
fakes,1,templates/Images/fakes/grc_passport_12_fake_4_53.jpg,5,grc
fakes,1,templates/Images/fakes/grc_passport_07_fake_4_100.jpg,5,grc
fakes,1,templates/Images/fakes/grc_passport_50_fake_4_98.jpg,5,grc
fakes,1,templates/Images/fakes/grc_passport_66_fake_4_25.jpg,5,grc
fakes,1,templates/Images/fakes/grc_passport_26_fake_4_52.jpg,5,grc
fakes,1,templates/Images/fakes/grc_passport_21_fake_4_99.jpg,5,grc
fakes,1,templates/Images/fakes/grc_passport_74_fake_4_28.jpg,5,grc
fakes,1,templates/Images/fakes/grc_passport_03_fake_4_50.jpg,5,grc
fakes,1,templates/Images/fakes/grc_passport_35_fake_4_47.jpg,5,grc
fakes,1,templates/Images/fakes/grc_passport_33_fake_4_44.jpg,5,grc
fakes,1,templates/Images/fakes/grc_passport_61_fake_4_67.jpg,5,grc
fakes,1,templates/Images/fakes/grc_passport_74_fake_4_41.jpg,5,grc
fakes,1,templates/Images/fakes/grc_passport_30_fake_4_109.jpg,5,grc
fakes,1,templates/Images/fakes/grc_passport_25_fake_4_35.jpg,5,grc
fakes,1,templates/Images/fakes/grc_passport_63_fake_4_13.jpg,5,grc
fakes,1,templates/Images/fakes/grc_passport_42_fake_4_43.jpg,5,grc
fakes,1,templates/Images/fakes/grc_passport_53_fake_4_14.jpg,5,grc
fakes,1,templates/Images/fakes/grc_passport_03_fake_4_2.jpg,5,grc
fakes,1,templates/Images/fakes/grc_passport_94_fake_4_105.jpg,5,grc
fakes,1,templates/Images/fakes/grc_passport_38_fake_4_110.jpg,5,grc
fakes,1,templates/Images/fakes/grc_passport_96_fake_4_101.jpg,5,grc
fakes,1,templates/Images/fakes/grc_passport_94_fake_4_88.jpg,5,grc
fakes,1,templates/Images/fakes/grc_passport_79_fake_4_21.jpg,5,grc
fakes,1,templates/Images/fakes/grc_passport_78_fake_4_61.jpg,5,grc
fakes,1,templates/Images/fakes/grc_passport_68_fake_4_66.jpg,5,grc
fakes,1,templates/Images/fakes/grc_passport_84_fake_4_32.jpg,5,grc
fakes,1,templates/Images/fakes/grc_passport_50_fake_4_80.jpg,5,grc
fakes,1,templates/Images/fakes/grc_passport_88_fake_4_55.jpg,5,grc
fakes,1,templates/Images/fakes/grc_passport_46_fake_4_19.jpg,5,grc
fakes,1,templates/Images/fakes/grc_passport_62_fake_4_5.jpg,5,grc
fakes,1,templates/Images/fakes/grc_passport_91_fake_4_78.jpg,5,grc
fakes,1,templates/Images/fakes/grc_passport_52_fake_4_45.jpg,5,grc
fakes,1,templates/Images/fakes/grc_passport_55_fake_4_73.jpg,5,grc
fakes,1,templates/Images/fakes/grc_passport_94_fake_4_57.jpg,5,grc
fakes,1,templates/Images/fakes/grc_passport_27_fake_4_87.jpg,5,grc
fakes,1,templates/Images/fakes/grc_passport_72_fake_4_74.jpg,5,grc
fakes,1,templates/Images/fakes/grc_passport_04_fake_4_95.jpg,5,grc
fakes,1,templates/Images/fakes/grc_passport_39_fake_4_97.jpg,5,grc
fakes,1,templates/Images/fakes/grc_passport_44_fake_4_24.jpg,5,grc
fakes,1,templates/Images/fakes/grc_passport_52_fake_4_84.jpg,5,grc
fakes,1,templates/Images/fakes/grc_passport_30_fake_4_81.jpg,5,grc
fakes,1,templates/Images/fakes/grc_passport_82_fake_4_54.jpg,5,grc
fakes,1,templates/Images/fakes/grc_passport_86_fake_4_102.jpg,5,grc
fakes,1,templates/Images/fakes/grc_passport_45_fake_4_109.jpg,5,grc
fakes,1,templates/Images/fakes/grc_passport_52_fake_4_31.jpg,5,grc
fakes,1,templates/Images/fakes/grc_passport_08_fake_4_85.jpg,5,grc
fakes,1,templates/Images/fakes/grc_passport_35_fake_4_51.jpg,5,grc
fakes,1,templates/Images/fakes/grc_passport_43_fake_4_65.jpg,5,grc
fakes,1,templates/Images/fakes/grc_passport_80_fake_4_112.jpg,5,grc
fakes,1,templates/Images/fakes/grc_passport_71_fake_4_104.jpg,5,grc
fakes,1,templates/Images/fakes/grc_passport_55_fake_4_12.jpg,5,grc
fakes,1,templates/Images/fakes/grc_passport_89_fake_4_22.jpg,5,grc
fakes,1,templates/Images/fakes/grc_passport_53_fake_4_34.jpg,5,grc
fakes,1,templates/Images/fakes/grc_passport_80_fake_4_27.jpg,5,grc
fakes,1,templates/Images/fakes/grc_passport_91_fake_4_36.jpg,5,grc
fakes,1,templates/Images/fakes/grc_passport_99_fake_4_23.jpg,5,grc
fakes,1,templates/Images/fakes/grc_passport_77_fake_4_83.jpg,5,grc
fakes,1,templates/Images/fakes/grc_passport_17_fake_4_69.jpg,5,grc
fakes,1,templates/Images/fakes/grc_passport_10_fake_4_46.jpg,5,grc
fakes,1,templates/Images/fakes/grc_passport_08_fake_4_8.jpg,5,grc
fakes,1,templates/Images/fakes/grc_passport_01_fake_4_20.jpg,5,grc
fakes,1,templates/Images/fakes/grc_passport_35_fake_4_107.jpg,5,grc
fakes,1,templates/Images/fakes/grc_passport_94_fake_4_71.jpg,5,grc
fakes,1,templates/Images/fakes/grc_passport_23_fake_4_79.jpg,5,grc
fakes,1,templates/Images/fakes/grc_passport_62_fake_4_0.jpg,5,grc
fakes,1,templates/Images/fakes/grc_passport_94_fake_4_82.jpg,5,grc
fakes,1,templates/Images/fakes/grc_passport_72_fake_4_37.jpg,5,grc
fakes,1,templates/Images/fakes/grc_passport_28_fake_4_89.jpg,5,grc
fakes,1,templates/Images/fakes/grc_passport_37_fake_4_39.jpg,5,grc
fakes,1,templates/Images/fakes/grc_passport_64_fake_4_114.jpg,5,grc
fakes,1,templates/Images/fakes/grc_passport_24_fake_4_75.jpg,5,grc
fakes,1,templates/Images/fakes/grc_passport_44_fake_4_92.jpg,5,grc
fakes,1,templates/Images/fakes/grc_passport_53_fake_4_93.jpg,5,grc
fakes,1,templates/Images/fakes/grc_passport_55_fake_4_63.jpg,5,grc
fakes,1,templates/Images/fakes/grc_passport_27_fake_4_59.jpg,5,grc
fakes,1,templates/Images/fakes/grc_passport_90_fake_4_77.jpg,5,grc
fakes,1,templates/Images/fakes/grc_passport_73_fake_4_29.jpg,5,grc
fakes,1,templates/Images/fakes/grc_passport_32_fake_4_6.jpg,5,grc
fakes,1,templates/Images/fakes/grc_passport_92_fake_4_56.jpg,5,grc
fakes,1,templates/Images/fakes/grc_passport_09_fake_4_96.jpg,5,grc
fakes,1,templates/Images/fakes/grc_passport_22_fake_4_4.jpg,5,grc
fakes,1,templates/Images/fakes/grc_passport_30_fake_4_108.jpg,5,grc
fakes,1,templates/Images/fakes/grc_passport_45_fake_4_72.jpg,5,grc
fakes,1,templates/Images/fakes/grc_passport_30_fake_4_94.jpg,5,grc
fakes,1,templates/Images/fakes/grc_passport_83_fake_4_49.jpg,5,grc
fakes,1,templates/Images/fakes/grc_passport_55_fake_4_48.jpg,5,grc
fakes,1,templates/Images/fakes/grc_passport_29_fake_4_18.jpg,5,grc
fakes,1,templates/Images/fakes/grc_passport_02_fake_4_113.jpg,5,grc
fakes,1,templates/Images/fakes/grc_passport_93_fake_4_60.jpg,5,grc
fakes,1,templates/Images/fakes/grc_passport_01_fake_4_33.jpg,5,grc
fakes,1,templates/Images/fakes/grc_passport_19_fake_4_30.jpg,5,grc
fakes,1,templates/Images/fakes/grc_passport_03_fake_4_1.jpg,5,grc
fakes,1,templates/Images/fakes/grc_passport_94_fake_4_86.jpg,5,grc
fakes,1,templates/Images/fakes/grc_passport_53_fake_4_70.jpg,5,grc
fakes,1,templates/Images/fakes/grc_passport_88_fake_4_11.jpg,5,grc
fakes,1,templates/Images/fakes/grc_passport_62_fake_4_3.jpg,5,grc
fakes,1,templates/Images/fakes/grc_passport_64_fake_4_115.jpg,5,grc
fakes,1,templates/Images/fakes/grc_passport_13_fake_4_17.jpg,5,grc
fakes,1,templates/Images/fakes/grc_passport_86_fake_4_7.jpg,5,grc
fakes,1,templates/Images/fakes/grc_passport_63_fake_4_103.jpg,5,grc
fakes,1,templates/Images/fakes/grc_passport_70_fake_4_76.jpg,5,grc
fakes,1,templates/Images/fakes/grc_passport_49_fake_4_26.jpg,5,grc
fakes,1,templates/Images/fakes/grc_passport_00_fake_4_111.jpg,5,grc
fakes,1,templates/Images/fakes/grc_passport_87_fake_4_15.jpg,5,grc
fakes,1,templates/Images/fakes/grc_passport_74_fake_4_68.jpg,5,grc
fakes,1,templates/Images/fakes/grc_passport_89_fake_4_90.jpg,5,grc
fakes,1,templates/Images/fakes/grc_passport_07_fake_4_101.jpg,5,grc
fakes,1,templates/Images/fakes/grc_passport_96_fake_4_106.jpg,5,grc
fakes,1,templates/Images/fakes/grc_passport_00_fake_4_112.jpg,5,grc
fakes,1,templates/Images/fakes/grc_passport_50_fake_4_91.jpg,5,grc
fakes,1,templates/Images/fakes/grc_passport_78_fake_4_9.jpg,5,grc
reals,0,templates/Images/reals/srb_passport_37.jpg,8,srb
reals,0,templates/Images/reals/srb_passport_89.jpg,8,srb
reals,0,templates/Images/reals/srb_passport_41.jpg,8,srb
reals,0,templates/Images/reals/srb_passport_78.jpg,8,srb
reals,0,templates/Images/reals/srb_passport_88.jpg,8,srb
reals,0,templates/Images/reals/srb_passport_30.jpg,8,srb
reals,0,templates/Images/reals/srb_passport_14.jpg,8,srb
reals,0,templates/Images/reals/srb_passport_62.jpg,8,srb
reals,0,templates/Images/reals/srb_passport_02.jpg,8,srb
reals,0,templates/Images/reals/srb_passport_82.jpg,8,srb
reals,0,templates/Images/reals/srb_passport_76.jpg,8,srb
reals,0,templates/Images/reals/srb_passport_91.jpg,8,srb
reals,0,templates/Images/reals/srb_passport_73.jpg,8,srb
reals,0,templates/Images/reals/srb_passport_03.jpg,8,srb
reals,0,templates/Images/reals/srb_passport_67.jpg,8,srb
reals,0,templates/Images/reals/srb_passport_12.jpg,8,srb
reals,0,templates/Images/reals/srb_passport_98.jpg,8,srb
reals,0,templates/Images/reals/srb_passport_69.jpg,8,srb
reals,0,templates/Images/reals/srb_passport_33.jpg,8,srb
reals,0,templates/Images/reals/srb_passport_46.jpg,8,srb
reals,0,templates/Images/reals/srb_passport_16.jpg,8,srb
reals,0,templates/Images/reals/srb_passport_00.jpg,8,srb
reals,0,templates/Images/reals/srb_passport_47.jpg,8,srb
reals,0,templates/Images/reals/srb_passport_52.jpg,8,srb
reals,0,templates/Images/reals/srb_passport_87.jpg,8,srb
reals,0,templates/Images/reals/srb_passport_71.jpg,8,srb
reals,0,templates/Images/reals/srb_passport_68.jpg,8,srb
reals,0,templates/Images/reals/srb_passport_32.jpg,8,srb
reals,0,templates/Images/reals/srb_passport_70.jpg,8,srb
reals,0,templates/Images/reals/srb_passport_39.jpg,8,srb
reals,0,templates/Images/reals/srb_passport_65.jpg,8,srb
reals,0,templates/Images/reals/srb_passport_28.jpg,8,srb
reals,0,templates/Images/reals/srb_passport_25.jpg,8,srb
reals,0,templates/Images/reals/srb_passport_66.jpg,8,srb
reals,0,templates/Images/reals/srb_passport_51.jpg,8,srb
reals,0,templates/Images/reals/srb_passport_18.jpg,8,srb
reals,0,templates/Images/reals/srb_passport_72.jpg,8,srb
reals,0,templates/Images/reals/srb_passport_13.jpg,8,srb
reals,0,templates/Images/reals/srb_passport_59.jpg,8,srb
reals,0,templates/Images/reals/srb_passport_01.jpg,8,srb
reals,0,templates/Images/reals/srb_passport_95.jpg,8,srb
reals,0,templates/Images/reals/srb_passport_27.jpg,8,srb
reals,0,templates/Images/reals/srb_passport_07.jpg,8,srb
reals,0,templates/Images/reals/srb_passport_79.jpg,8,srb
reals,0,templates/Images/reals/srb_passport_29.jpg,8,srb
reals,0,templates/Images/reals/srb_passport_99.jpg,8,srb
reals,0,templates/Images/reals/srb_passport_50.jpg,8,srb
reals,0,templates/Images/reals/srb_passport_05.jpg,8,srb
reals,0,templates/Images/reals/srb_passport_97.jpg,8,srb
reals,0,templates/Images/reals/srb_passport_58.jpg,8,srb
reals,0,templates/Images/reals/srb_passport_96.jpg,8,srb
reals,0,templates/Images/reals/srb_passport_92.jpg,8,srb
reals,0,templates/Images/reals/srb_passport_49.jpg,8,srb
reals,0,templates/Images/reals/srb_passport_10.jpg,8,srb
reals,0,templates/Images/reals/srb_passport_80.jpg,8,srb
reals,0,templates/Images/reals/srb_passport_45.jpg,8,srb
reals,0,templates/Images/reals/srb_passport_85.jpg,8,srb
reals,0,templates/Images/reals/srb_passport_43.jpg,8,srb
reals,0,templates/Images/reals/srb_passport_74.jpg,8,srb
reals,0,templates/Images/reals/srb_passport_61.jpg,8,srb
reals,0,templates/Images/reals/srb_passport_04.jpg,8,srb
reals,0,templates/Images/reals/srb_passport_17.jpg,8,srb
reals,0,templates/Images/reals/srb_passport_06.jpg,8,srb
reals,0,templates/Images/reals/srb_passport_15.jpg,8,srb
reals,0,templates/Images/reals/srb_passport_22.jpg,8,srb
reals,0,templates/Images/reals/srb_passport_08.jpg,8,srb
reals,0,templates/Images/reals/srb_passport_40.jpg,8,srb
reals,0,templates/Images/reals/srb_passport_36.jpg,8,srb
reals,0,templates/Images/reals/srb_passport_34.jpg,8,srb
reals,0,templates/Images/reals/srb_passport_54.jpg,8,srb
reals,0,templates/Images/reals/srb_passport_09.jpg,8,srb
reals,0,templates/Images/reals/srb_passport_63.jpg,8,srb
reals,0,templates/Images/reals/srb_passport_42.jpg,8,srb
reals,0,templates/Images/reals/srb_passport_53.jpg,8,srb
reals,0,templates/Images/reals/srb_passport_77.jpg,8,srb
reals,0,templates/Images/reals/srb_passport_83.jpg,8,srb
reals,0,templates/Images/reals/srb_passport_93.jpg,8,srb
reals,0,templates/Images/reals/srb_passport_56.jpg,8,srb
reals,0,templates/Images/reals/srb_passport_44.jpg,8,srb
reals,0,templates/Images/reals/srb_passport_20.jpg,8,srb
reals,0,templates/Images/reals/srb_passport_11.jpg,8,srb
reals,0,templates/Images/reals/srb_passport_26.jpg,8,srb
reals,0,templates/Images/reals/srb_passport_86.jpg,8,srb
reals,0,templates/Images/reals/srb_passport_84.jpg,8,srb
reals,0,templates/Images/reals/srb_passport_48.jpg,8,srb
reals,0,templates/Images/reals/srb_passport_90.jpg,8,srb
reals,0,templates/Images/reals/srb_passport_23.jpg,8,srb
reals,0,templates/Images/reals/srb_passport_24.jpg,8,srb
reals,0,templates/Images/reals/srb_passport_81.jpg,8,srb
reals,0,templates/Images/reals/srb_passport_31.jpg,8,srb
reals,0,templates/Images/reals/srb_passport_38.jpg,8,srb
reals,0,templates/Images/reals/srb_passport_19.jpg,8,srb
reals,0,templates/Images/reals/srb_passport_94.jpg,8,srb
reals,0,templates/Images/reals/srb_passport_57.jpg,8,srb
reals,0,templates/Images/reals/srb_passport_21.jpg,8,srb
reals,0,templates/Images/reals/srb_passport_75.jpg,8,srb
reals,0,templates/Images/reals/srb_passport_55.jpg,8,srb
reals,0,templates/Images/reals/srb_passport_35.jpg,8,srb
reals,0,templates/Images/reals/srb_passport_64.jpg,8,srb
reals,0,templates/Images/reals/srb_passport_60.jpg,8,srb
fakes,1,templates/Images/fakes/srb_passport_27_fake_5_87.jpg,8,srb
fakes,1,templates/Images/fakes/srb_passport_36_fake_5_54.jpg,8,srb
fakes,1,templates/Images/fakes/srb_passport_92_fake_5_102.jpg,8,srb
fakes,1,templates/Images/fakes/srb_passport_99_fake_5_105.jpg,8,srb
fakes,1,templates/Images/fakes/srb_passport_62_fake_5_56.jpg,8,srb
fakes,1,templates/Images/fakes/srb_passport_00_fake_5_114.jpg,8,srb
fakes,1,templates/Images/fakes/srb_passport_77_fake_5_70.jpg,8,srb
fakes,1,templates/Images/fakes/srb_passport_04_fake_5_19.jpg,8,srb
fakes,1,templates/Images/fakes/srb_passport_70_fake_5_111.jpg,8,srb
fakes,1,templates/Images/fakes/srb_passport_41_fake_5_46.jpg,8,srb
fakes,1,templates/Images/fakes/srb_passport_91_fake_5_90.jpg,8,srb
fakes,1,templates/Images/fakes/srb_passport_59_fake_5_9.jpg,8,srb
fakes,1,templates/Images/fakes/srb_passport_35_fake_5_39.jpg,8,srb
fakes,1,templates/Images/fakes/srb_passport_27_fake_5_6.jpg,8,srb
fakes,1,templates/Images/fakes/srb_passport_72_fake_5_72.jpg,8,srb
fakes,1,templates/Images/fakes/srb_passport_50_fake_5_33.jpg,8,srb
fakes,1,templates/Images/fakes/srb_passport_84_fake_5_98.jpg,8,srb
fakes,1,templates/Images/fakes/srb_passport_38_fake_5_83.jpg,8,srb
fakes,1,templates/Images/fakes/srb_passport_02_fake_5_63.jpg,8,srb
fakes,1,templates/Images/fakes/srb_passport_32_fake_5_35.jpg,8,srb
fakes,1,templates/Images/fakes/srb_passport_82_fake_5_20.jpg,8,srb
fakes,1,templates/Images/fakes/srb_passport_57_fake_5_65.jpg,8,srb
fakes,1,templates/Images/fakes/srb_passport_04_fake_5_88.jpg,8,srb
fakes,1,templates/Images/fakes/srb_passport_15_fake_5_113.jpg,8,srb
fakes,1,templates/Images/fakes/srb_passport_86_fake_5_75.jpg,8,srb
fakes,1,templates/Images/fakes/srb_passport_84_fake_5_17.jpg,8,srb
fakes,1,templates/Images/fakes/srb_passport_35_fake_5_57.jpg,8,srb
fakes,1,templates/Images/fakes/srb_passport_07_fake_5_64.jpg,8,srb
fakes,1,templates/Images/fakes/srb_passport_18_fake_5_76.jpg,8,srb
fakes,1,templates/Images/fakes/srb_passport_12_fake_5_43.jpg,8,srb
fakes,1,templates/Images/fakes/srb_passport_49_fake_5_104.jpg,8,srb
fakes,1,templates/Images/fakes/srb_passport_37_fake_5_22.jpg,8,srb
fakes,1,templates/Images/fakes/srb_passport_99_fake_5_28.jpg,8,srb
fakes,1,templates/Images/fakes/srb_passport_55_fake_5_2.jpg,8,srb
fakes,1,templates/Images/fakes/srb_passport_87_fake_5_101.jpg,8,srb
fakes,1,templates/Images/fakes/srb_passport_81_fake_5_31.jpg,8,srb
fakes,1,templates/Images/fakes/srb_passport_68_fake_5_23.jpg,8,srb
fakes,1,templates/Images/fakes/srb_passport_62_fake_5_26.jpg,8,srb
fakes,1,templates/Images/fakes/srb_passport_90_fake_5_82.jpg,8,srb
fakes,1,templates/Images/fakes/srb_passport_97_fake_5_32.jpg,8,srb
fakes,1,templates/Images/fakes/srb_passport_04_fake_5_78.jpg,8,srb
fakes,1,templates/Images/fakes/srb_passport_60_fake_5_7.jpg,8,srb
fakes,1,templates/Images/fakes/srb_passport_32_fake_5_107.jpg,8,srb
fakes,1,templates/Images/fakes/srb_passport_58_fake_5_51.jpg,8,srb
fakes,1,templates/Images/fakes/srb_passport_40_fake_5_103.jpg,8,srb
fakes,1,templates/Images/fakes/srb_passport_62_fake_5_106.jpg,8,srb
fakes,1,templates/Images/fakes/srb_passport_26_fake_5_0.jpg,8,srb
fakes,1,templates/Images/fakes/srb_passport_30_fake_5_89.jpg,8,srb
fakes,1,templates/Images/fakes/srb_passport_03_fake_5_27.jpg,8,srb
fakes,1,templates/Images/fakes/srb_passport_51_fake_5_91.jpg,8,srb
fakes,1,templates/Images/fakes/srb_passport_71_fake_5_5.jpg,8,srb
fakes,1,templates/Images/fakes/srb_passport_72_fake_5_24.jpg,8,srb
fakes,1,templates/Images/fakes/srb_passport_41_fake_5_21.jpg,8,srb
fakes,1,templates/Images/fakes/srb_passport_14_fake_5_34.jpg,8,srb
fakes,1,templates/Images/fakes/srb_passport_97_fake_5_40.jpg,8,srb
fakes,1,templates/Images/fakes/srb_passport_26_fake_5_18.jpg,8,srb
fakes,1,templates/Images/fakes/srb_passport_39_fake_5_108.jpg,8,srb
fakes,1,templates/Images/fakes/srb_passport_04_fake_5_93.jpg,8,srb
fakes,1,templates/Images/fakes/srb_passport_97_fake_5_14.jpg,8,srb
fakes,1,templates/Images/fakes/srb_passport_78_fake_5_77.jpg,8,srb
fakes,1,templates/Images/fakes/srb_passport_64_fake_5_30.jpg,8,srb
fakes,1,templates/Images/fakes/srb_passport_00_fake_5_115.jpg,8,srb
fakes,1,templates/Images/fakes/srb_passport_53_fake_5_29.jpg,8,srb
fakes,1,templates/Images/fakes/srb_passport_42_fake_5_94.jpg,8,srb
fakes,1,templates/Images/fakes/srb_passport_65_fake_5_44.jpg,8,srb
fakes,1,templates/Images/fakes/srb_passport_51_fake_5_48.jpg,8,srb
fakes,1,templates/Images/fakes/srb_passport_56_fake_5_97.jpg,8,srb
fakes,1,templates/Images/fakes/srb_passport_52_fake_5_73.jpg,8,srb
fakes,1,templates/Images/fakes/srb_passport_33_fake_5_92.jpg,8,srb
fakes,1,templates/Images/fakes/srb_passport_60_fake_5_10.jpg,8,srb
fakes,1,templates/Images/fakes/srb_passport_81_fake_5_102.jpg,8,srb
fakes,1,templates/Images/fakes/srb_passport_76_fake_5_110.jpg,8,srb
fakes,1,templates/Images/fakes/srb_passport_69_fake_5_8.jpg,8,srb
fakes,1,templates/Images/fakes/srb_passport_77_fake_5_58.jpg,8,srb
fakes,1,templates/Images/fakes/srb_passport_49_fake_5_60.jpg,8,srb
fakes,1,templates/Images/fakes/srb_passport_97_fake_5_49.jpg,8,srb
fakes,1,templates/Images/fakes/srb_passport_50_fake_5_62.jpg,8,srb
fakes,1,templates/Images/fakes/srb_passport_44_fake_5_68.jpg,8,srb
fakes,1,templates/Images/fakes/srb_passport_48_fake_5_42.jpg,8,srb
fakes,1,templates/Images/fakes/srb_passport_96_fake_5_36.jpg,8,srb
fakes,1,templates/Images/fakes/srb_passport_40_fake_5_85.jpg,8,srb
fakes,1,templates/Images/fakes/srb_passport_27_fake_5_3.jpg,8,srb
fakes,1,templates/Images/fakes/srb_passport_43_fake_5_38.jpg,8,srb
fakes,1,templates/Images/fakes/srb_passport_63_fake_5_55.jpg,8,srb
fakes,1,templates/Images/fakes/srb_passport_70_fake_5_112.jpg,8,srb
fakes,1,templates/Images/fakes/srb_passport_09_fake_5_59.jpg,8,srb
fakes,1,templates/Images/fakes/srb_passport_62_fake_5_107.jpg,8,srb
fakes,1,templates/Images/fakes/srb_passport_99_fake_5_74.jpg,8,srb
fakes,1,templates/Images/fakes/srb_passport_25_fake_5_50.jpg,8,srb
fakes,1,templates/Images/fakes/srb_passport_90_fake_5_95.jpg,8,srb
fakes,1,templates/Images/fakes/srb_passport_42_fake_5_37.jpg,8,srb
fakes,1,templates/Images/fakes/srb_passport_49_fake_5_105.jpg,8,srb
fakes,1,templates/Images/fakes/srb_passport_28_fake_5_16.jpg,8,srb
fakes,1,templates/Images/fakes/srb_passport_10_fake_5_80.jpg,8,srb
fakes,1,templates/Images/fakes/srb_passport_96_fake_5_99.jpg,8,srb
fakes,1,templates/Images/fakes/srb_passport_95_fake_5_81.jpg,8,srb
fakes,1,templates/Images/fakes/srb_passport_10_fake_5_109.jpg,8,srb
fakes,1,templates/Images/fakes/srb_passport_99_fake_5_106.jpg,8,srb
fakes,1,templates/Images/fakes/srb_passport_86_fake_5_45.jpg,8,srb
fakes,1,templates/Images/fakes/srb_passport_01_fake_5_66.jpg,8,srb
fakes,1,templates/Images/fakes/srb_passport_81_fake_5_101.jpg,8,srb
fakes,1,templates/Images/fakes/srb_passport_63_fake_5_69.jpg,8,srb
fakes,1,templates/Images/fakes/srb_passport_00_fake_5_84.jpg,8,srb
fakes,1,templates/Images/fakes/srb_passport_73_fake_5_41.jpg,8,srb
fakes,1,templates/Images/fakes/srb_passport_26_fake_5_25.jpg,8,srb
fakes,1,templates/Images/fakes/srb_passport_09_fake_5_112.jpg,8,srb
fakes,1,templates/Images/fakes/srb_passport_21_fake_5_67.jpg,8,srb
fakes,1,templates/Images/fakes/srb_passport_90_fake_5_13.jpg,8,srb
fakes,1,templates/Images/fakes/srb_passport_27_fake_5_61.jpg,8,srb
fakes,1,templates/Images/fakes/srb_passport_37_fake_5_86.jpg,8,srb
fakes,1,templates/Images/fakes/srb_passport_59_fake_5_11.jpg,8,srb
fakes,1,templates/Images/fakes/srb_passport_39_fake_5_96.jpg,8,srb
fakes,1,templates/Images/fakes/srb_passport_93_fake_5_53.jpg,8,srb
fakes,1,templates/Images/fakes/srb_passport_06_fake_5_4.jpg,8,srb
fakes,1,templates/Images/fakes/srb_passport_87_fake_5_100.jpg,8,srb
fakes,1,templates/Images/fakes/srb_passport_79_fake_5_71.jpg,8,srb
fakes,1,templates/Images/fakes/srb_passport_95_fake_5_52.jpg,8,srb
fakes,1,templates/Images/fakes/srb_passport_44_fake_5_1.jpg,8,srb
fakes,1,templates/Images/fakes/srb_passport_39_fake_5_47.jpg,8,srb
fakes,1,templates/Images/fakes/srb_passport_58_fake_5_12.jpg,8,srb
fakes,1,templates/Images/fakes/srb_passport_32_fake_5_15.jpg,8,srb
fakes,1,templates/Images/fakes/srb_passport_75_fake_5_79.jpg,8,srb
reals,0,templates/Images/reals/svk_id_84.jpg,9,svk
reals,0,templates/Images/reals/svk_id_32.jpg,9,svk
reals,0,templates/Images/reals/svk_id_13.jpg,9,svk
reals,0,templates/Images/reals/svk_id_25.jpg,9,svk
reals,0,templates/Images/reals/svk_id_45.jpg,9,svk
reals,0,templates/Images/reals/svk_id_37.jpg,9,svk
reals,0,templates/Images/reals/svk_id_01.jpg,9,svk
reals,0,templates/Images/reals/svk_id_88.jpg,9,svk
reals,0,templates/Images/reals/svk_id_68.jpg,9,svk
reals,0,templates/Images/reals/svk_id_98.jpg,9,svk
reals,0,templates/Images/reals/svk_id_48.jpg,9,svk
reals,0,templates/Images/reals/svk_id_42.jpg,9,svk
reals,0,templates/Images/reals/svk_id_17.jpg,9,svk
reals,0,templates/Images/reals/svk_id_61.jpg,9,svk
reals,0,templates/Images/reals/svk_id_89.jpg,9,svk
reals,0,templates/Images/reals/svk_id_14.jpg,9,svk
reals,0,templates/Images/reals/svk_id_03.jpg,9,svk
reals,0,templates/Images/reals/svk_id_34.jpg,9,svk
reals,0,templates/Images/reals/svk_id_82.jpg,9,svk
reals,0,templates/Images/reals/svk_id_80.jpg,9,svk
reals,0,templates/Images/reals/svk_id_00.jpg,9,svk
reals,0,templates/Images/reals/svk_id_85.jpg,9,svk
reals,0,templates/Images/reals/svk_id_78.jpg,9,svk
reals,0,templates/Images/reals/svk_id_99.jpg,9,svk
reals,0,templates/Images/reals/svk_id_53.jpg,9,svk
reals,0,templates/Images/reals/svk_id_39.jpg,9,svk
reals,0,templates/Images/reals/svk_id_64.jpg,9,svk
reals,0,templates/Images/reals/svk_id_83.jpg,9,svk
reals,0,templates/Images/reals/svk_id_51.jpg,9,svk
reals,0,templates/Images/reals/svk_id_26.jpg,9,svk
reals,0,templates/Images/reals/svk_id_56.jpg,9,svk
reals,0,templates/Images/reals/svk_id_27.jpg,9,svk
reals,0,templates/Images/reals/svk_id_24.jpg,9,svk
reals,0,templates/Images/reals/svk_id_41.jpg,9,svk
reals,0,templates/Images/reals/svk_id_59.jpg,9,svk
reals,0,templates/Images/reals/svk_id_94.jpg,9,svk
reals,0,templates/Images/reals/svk_id_47.jpg,9,svk
reals,0,templates/Images/reals/svk_id_36.jpg,9,svk
reals,0,templates/Images/reals/svk_id_66.jpg,9,svk
reals,0,templates/Images/reals/svk_id_92.jpg,9,svk
reals,0,templates/Images/reals/svk_id_93.jpg,9,svk
reals,0,templates/Images/reals/svk_id_67.jpg,9,svk
reals,0,templates/Images/reals/svk_id_74.jpg,9,svk
reals,0,templates/Images/reals/svk_id_77.jpg,9,svk
reals,0,templates/Images/reals/svk_id_05.jpg,9,svk
reals,0,templates/Images/reals/svk_id_28.jpg,9,svk
reals,0,templates/Images/reals/svk_id_19.jpg,9,svk
reals,0,templates/Images/reals/svk_id_12.jpg,9,svk
reals,0,templates/Images/reals/svk_id_60.jpg,9,svk
reals,0,templates/Images/reals/svk_id_30.jpg,9,svk
reals,0,templates/Images/reals/svk_id_62.jpg,9,svk
reals,0,templates/Images/reals/svk_id_57.jpg,9,svk
reals,0,templates/Images/reals/svk_id_79.jpg,9,svk
reals,0,templates/Images/reals/svk_id_15.jpg,9,svk
reals,0,templates/Images/reals/svk_id_20.jpg,9,svk
reals,0,templates/Images/reals/svk_id_21.jpg,9,svk
reals,0,templates/Images/reals/svk_id_96.jpg,9,svk
reals,0,templates/Images/reals/svk_id_54.jpg,9,svk
reals,0,templates/Images/reals/svk_id_81.jpg,9,svk
reals,0,templates/Images/reals/svk_id_86.jpg,9,svk
reals,0,templates/Images/reals/svk_id_38.jpg,9,svk
reals,0,templates/Images/reals/svk_id_63.jpg,9,svk
reals,0,templates/Images/reals/svk_id_40.jpg,9,svk
reals,0,templates/Images/reals/svk_id_90.jpg,9,svk
reals,0,templates/Images/reals/svk_id_97.jpg,9,svk
reals,0,templates/Images/reals/svk_id_70.jpg,9,svk
reals,0,templates/Images/reals/svk_id_22.jpg,9,svk
reals,0,templates/Images/reals/svk_id_95.jpg,9,svk
reals,0,templates/Images/reals/svk_id_02.jpg,9,svk
reals,0,templates/Images/reals/svk_id_44.jpg,9,svk
reals,0,templates/Images/reals/svk_id_29.jpg,9,svk
reals,0,templates/Images/reals/svk_id_73.jpg,9,svk
reals,0,templates/Images/reals/svk_id_31.jpg,9,svk
reals,0,templates/Images/reals/svk_id_65.jpg,9,svk
reals,0,templates/Images/reals/svk_id_06.jpg,9,svk
reals,0,templates/Images/reals/svk_id_46.jpg,9,svk
reals,0,templates/Images/reals/svk_id_35.jpg,9,svk
reals,0,templates/Images/reals/svk_id_33.jpg,9,svk
reals,0,templates/Images/reals/svk_id_10.jpg,9,svk
reals,0,templates/Images/reals/svk_id_11.jpg,9,svk
reals,0,templates/Images/reals/svk_id_52.jpg,9,svk
reals,0,templates/Images/reals/svk_id_08.jpg,9,svk
reals,0,templates/Images/reals/svk_id_76.jpg,9,svk
reals,0,templates/Images/reals/svk_id_04.jpg,9,svk
reals,0,templates/Images/reals/svk_id_18.jpg,9,svk
reals,0,templates/Images/reals/svk_id_55.jpg,9,svk
reals,0,templates/Images/reals/svk_id_69.jpg,9,svk
reals,0,templates/Images/reals/svk_id_87.jpg,9,svk
reals,0,templates/Images/reals/svk_id_16.jpg,9,svk
reals,0,templates/Images/reals/svk_id_91.jpg,9,svk
reals,0,templates/Images/reals/svk_id_23.jpg,9,svk
reals,0,templates/Images/reals/svk_id_58.jpg,9,svk
reals,0,templates/Images/reals/svk_id_43.jpg,9,svk
reals,0,templates/Images/reals/svk_id_07.jpg,9,svk
reals,0,templates/Images/reals/svk_id_71.jpg,9,svk
reals,0,templates/Images/reals/svk_id_50.jpg,9,svk
reals,0,templates/Images/reals/svk_id_72.jpg,9,svk
reals,0,templates/Images/reals/svk_id_49.jpg,9,svk
reals,0,templates/Images/reals/svk_id_75.jpg,9,svk
reals,0,templates/Images/reals/svk_id_09.jpg,9,svk
fakes,1,templates/Images/fakes/svk_id_60_fake_8_0.jpg,9,svk
fakes,1,templates/Images/fakes/svk_id_47_fake_8_20.jpg,9,svk
fakes,1,templates/Images/fakes/svk_id_01_fake_8_111.jpg,9,svk
fakes,1,templates/Images/fakes/svk_id_26_fake_8_79.jpg,9,svk
fakes,1,templates/Images/fakes/svk_id_86_fake_8_72.jpg,9,svk
fakes,1,templates/Images/fakes/svk_id_95_fake_8_22.jpg,9,svk
fakes,1,templates/Images/fakes/svk_id_57_fake_8_65.jpg,9,svk
fakes,1,templates/Images/fakes/svk_id_80_fake_8_21.jpg,9,svk
fakes,1,templates/Images/fakes/svk_id_63_fake_8_4.jpg,9,svk
fakes,1,templates/Images/fakes/svk_id_11_fake_8_46.jpg,9,svk
fakes,1,templates/Images/fakes/svk_id_44_fake_8_23.jpg,9,svk
fakes,1,templates/Images/fakes/svk_id_53_fake_8_87.jpg,9,svk
fakes,1,templates/Images/fakes/svk_id_75_fake_8_36.jpg,9,svk
fakes,1,templates/Images/fakes/svk_id_63_fake_8_26.jpg,9,svk
fakes,1,templates/Images/fakes/svk_id_45_fake_8_86.jpg,9,svk
fakes,1,templates/Images/fakes/svk_id_25_fake_8_82.jpg,9,svk
fakes,1,templates/Images/fakes/svk_id_26_fake_8_56.jpg,9,svk
fakes,1,templates/Images/fakes/svk_id_03_fake_8_77.jpg,9,svk
fakes,1,templates/Images/fakes/svk_id_51_fake_8_85.jpg,9,svk
fakes,1,templates/Images/fakes/svk_id_94_fake_8_17.jpg,9,svk
fakes,1,templates/Images/fakes/svk_id_40_fake_8_67.jpg,9,svk
fakes,1,templates/Images/fakes/svk_id_98_fake_8_101.jpg,9,svk
fakes,1,templates/Images/fakes/svk_id_66_fake_8_38.jpg,9,svk
fakes,1,templates/Images/fakes/svk_id_21_fake_8_84.jpg,9,svk
fakes,1,templates/Images/fakes/svk_id_25_fake_8_64.jpg,9,svk
fakes,1,templates/Images/fakes/svk_id_69_fake_8_90.jpg,9,svk
fakes,1,templates/Images/fakes/svk_id_65_fake_8_24.jpg,9,svk
fakes,1,templates/Images/fakes/svk_id_39_fake_8_59.jpg,9,svk
fakes,1,templates/Images/fakes/svk_id_63_fake_8_96.jpg,9,svk
fakes,1,templates/Images/fakes/svk_id_13_fake_8_37.jpg,9,svk
fakes,1,templates/Images/fakes/svk_id_60_fake_8_1.jpg,9,svk
fakes,1,templates/Images/fakes/svk_id_38_fake_8_33.jpg,9,svk
fakes,1,templates/Images/fakes/svk_id_15_fake_8_11.jpg,9,svk
fakes,1,templates/Images/fakes/svk_id_01_fake_8_68.jpg,9,svk
fakes,1,templates/Images/fakes/svk_id_49_fake_8_6.jpg,9,svk
fakes,1,templates/Images/fakes/svk_id_69_fake_8_16.jpg,9,svk
fakes,1,templates/Images/fakes/svk_id_44_fake_8_19.jpg,9,svk
fakes,1,templates/Images/fakes/svk_id_54_fake_8_102.jpg,9,svk
fakes,1,templates/Images/fakes/svk_id_37_fake_8_105.jpg,9,svk
fakes,1,templates/Images/fakes/svk_id_44_fake_8_45.jpg,9,svk
fakes,1,templates/Images/fakes/svk_id_84_fake_8_114.jpg,9,svk
fakes,1,templates/Images/fakes/svk_id_67_fake_8_101.jpg,9,svk
fakes,1,templates/Images/fakes/svk_id_21_fake_8_5.jpg,9,svk
fakes,1,templates/Images/fakes/svk_id_75_fake_8_73.jpg,9,svk
fakes,1,templates/Images/fakes/svk_id_99_fake_8_55.jpg,9,svk
fakes,1,templates/Images/fakes/svk_id_66_fake_8_83.jpg,9,svk
fakes,1,templates/Images/fakes/svk_id_77_fake_8_53.jpg,9,svk
fakes,1,templates/Images/fakes/svk_id_61_fake_8_9.jpg,9,svk
fakes,1,templates/Images/fakes/svk_id_43_fake_8_60.jpg,9,svk
fakes,1,templates/Images/fakes/svk_id_12_fake_8_40.jpg,9,svk
fakes,1,templates/Images/fakes/svk_id_23_fake_8_30.jpg,9,svk
fakes,1,templates/Images/fakes/svk_id_54_fake_8_74.jpg,9,svk
fakes,1,templates/Images/fakes/svk_id_30_fake_8_93.jpg,9,svk
fakes,1,templates/Images/fakes/svk_id_70_fake_8_76.jpg,9,svk
fakes,1,templates/Images/fakes/svk_id_25_fake_8_7.jpg,9,svk
fakes,1,templates/Images/fakes/svk_id_14_fake_8_41.jpg,9,svk
fakes,1,templates/Images/fakes/svk_id_66_fake_8_25.jpg,9,svk
fakes,1,templates/Images/fakes/svk_id_30_fake_8_18.jpg,9,svk
fakes,1,templates/Images/fakes/svk_id_08_fake_8_44.jpg,9,svk
fakes,1,templates/Images/fakes/svk_id_17_fake_8_108.jpg,9,svk
fakes,1,templates/Images/fakes/svk_id_68_fake_8_39.jpg,9,svk
fakes,1,templates/Images/fakes/svk_id_88_fake_8_62.jpg,9,svk
fakes,1,templates/Images/fakes/svk_id_01_fake_8_112.jpg,9,svk
fakes,1,templates/Images/fakes/svk_id_92_fake_8_109.jpg,9,svk
fakes,1,templates/Images/fakes/svk_id_01_fake_8_110.jpg,9,svk
fakes,1,templates/Images/fakes/svk_id_20_fake_8_50.jpg,9,svk
fakes,1,templates/Images/fakes/svk_id_90_fake_8_111.jpg,9,svk
fakes,1,templates/Images/fakes/svk_id_54_fake_8_103.jpg,9,svk
fakes,1,templates/Images/fakes/svk_id_50_fake_8_2.jpg,9,svk
fakes,1,templates/Images/fakes/svk_id_95_fake_8_80.jpg,9,svk
fakes,1,templates/Images/fakes/svk_id_34_fake_8_103.jpg,9,svk
fakes,1,templates/Images/fakes/svk_id_30_fake_8_47.jpg,9,svk
fakes,1,templates/Images/fakes/svk_id_43_fake_8_34.jpg,9,svk
fakes,1,templates/Images/fakes/svk_id_87_fake_8_28.jpg,9,svk
fakes,1,templates/Images/fakes/svk_id_97_fake_8_95.jpg,9,svk
fakes,1,templates/Images/fakes/svk_id_63_fake_8_43.jpg,9,svk
fakes,1,templates/Images/fakes/svk_id_62_fake_8_54.jpg,9,svk
fakes,1,templates/Images/fakes/svk_id_40_fake_8_35.jpg,9,svk
fakes,1,templates/Images/fakes/svk_id_34_fake_8_104.jpg,9,svk
fakes,1,templates/Images/fakes/svk_id_77_fake_8_10.jpg,9,svk
fakes,1,templates/Images/fakes/svk_id_82_fake_8_32.jpg,9,svk
fakes,1,templates/Images/fakes/svk_id_12_fake_8_13.jpg,9,svk
fakes,1,templates/Images/fakes/svk_id_46_fake_8_98.jpg,9,svk
fakes,1,templates/Images/fakes/svk_id_03_fake_8_69.jpg,9,svk
fakes,1,templates/Images/fakes/svk_id_75_fake_8_75.jpg,9,svk
fakes,1,templates/Images/fakes/svk_id_92_fake_8_110.jpg,9,svk
fakes,1,templates/Images/fakes/svk_id_86_fake_8_66.jpg,9,svk
fakes,1,templates/Images/fakes/svk_id_54_fake_8_89.jpg,9,svk
fakes,1,templates/Images/fakes/svk_id_53_fake_8_12.jpg,9,svk
fakes,1,templates/Images/fakes/svk_id_11_fake_8_99.jpg,9,svk
fakes,1,templates/Images/fakes/svk_id_89_fake_8_8.jpg,9,svk
fakes,1,templates/Images/fakes/svk_id_61_fake_8_58.jpg,9,svk
fakes,1,templates/Images/fakes/svk_id_47_fake_8_113.jpg,9,svk
fakes,1,templates/Images/fakes/svk_id_15_fake_8_29.jpg,9,svk
fakes,1,templates/Images/fakes/svk_id_02_fake_8_88.jpg,9,svk
fakes,1,templates/Images/fakes/svk_id_47_fake_8_31.jpg,9,svk
fakes,1,templates/Images/fakes/svk_id_90_fake_8_112.jpg,9,svk
fakes,1,templates/Images/fakes/svk_id_40_fake_8_15.jpg,9,svk
fakes,1,templates/Images/fakes/svk_id_85_fake_8_71.jpg,9,svk
fakes,1,templates/Images/fakes/svk_id_88_fake_8_94.jpg,9,svk
fakes,1,templates/Images/fakes/svk_id_99_fake_8_14.jpg,9,svk
fakes,1,templates/Images/fakes/svk_id_43_fake_8_57.jpg,9,svk
fakes,1,templates/Images/fakes/svk_id_47_fake_8_48.jpg,9,svk
fakes,1,templates/Images/fakes/svk_id_81_fake_8_104.jpg,9,svk
fakes,1,templates/Images/fakes/svk_id_36_fake_8_106.jpg,9,svk
fakes,1,templates/Images/fakes/svk_id_15_fake_8_91.jpg,9,svk
fakes,1,templates/Images/fakes/svk_id_67_fake_8_100.jpg,9,svk
fakes,1,templates/Images/fakes/svk_id_23_fake_8_27.jpg,9,svk
fakes,1,templates/Images/fakes/svk_id_41_fake_8_61.jpg,9,svk
fakes,1,templates/Images/fakes/svk_id_69_fake_8_51.jpg,9,svk
fakes,1,templates/Images/fakes/svk_id_29_fake_8_107.jpg,9,svk
fakes,1,templates/Images/fakes/svk_id_37_fake_8_78.jpg,9,svk
fakes,1,templates/Images/fakes/svk_id_21_fake_8_81.jpg,9,svk
fakes,1,templates/Images/fakes/svk_id_03_fake_8_3.jpg,9,svk
fakes,1,templates/Images/fakes/svk_id_34_fake_8_70.jpg,9,svk
fakes,1,templates/Images/fakes/svk_id_53_fake_8_42.jpg,9,svk
fakes,1,templates/Images/fakes/svk_id_09_fake_8_97.jpg,9,svk
fakes,1,templates/Images/fakes/svk_id_77_fake_8_52.jpg,9,svk
fakes,1,templates/Images/fakes/svk_id_64_fake_8_92.jpg,9,svk
fakes,1,templates/Images/fakes/svk_id_69_fake_8_49.jpg,9,svk
fakes,1,templates/Images/fakes/svk_id_93_fake_8_63.jpg,9,svk
